Plate,Experiment,Group,Filename,Sample,Workspace,Compensation Source,Plot Title,Gate,X Parameter,Y Parameter,Count,Volume,Concentration,%Total,%Gated,X Mean,Y Mean,X Median,Y Median,X Peak,Y Peak,X SD,Y SD,X %CV,Y %CV,X rSD,Y rSD,X %rCV,Y %rCV
d032523-DCFCA-R6,DCFCA-DMSO,Cg-b1b2,A4.fcs,A4,Experiment,None,N/A,All Events,N/A,N/A,69257,40,1731.425,100.000,100.000,N/A,N/A,N/A,N/A,N/A,N/A,N/A,N/A,N/A,N/A,N/A,N/A,N/A,N/A
d032523-DCFCA-R6,DCFCA-DMSO,Cg-b1b2,A4.fcs,A4,Experiment,None,,cell,FSC-H,SSC-H,65531,40,1638.275,94.620,94.620,482476,116991,455892,106039,388094,103428,161244.89,50941.75,33.42,43.54,155509.91,38764.06,34.11,36.56
d032523-DCFCA-R6,DCFCA-DMSO,Cg-b1b2,A4.fcs,A4,Experiment,None,,High_ROS,BL1-H,,11768,40,294.200,16.992,39.227,1502,N/A,1330,N/A,1012,N/A,579.33,N/A,38.57,N/A,330.62,N/A,24.86,N/A
d032523-DCFCA-R6,DCFCA-DMSO,Cg-b1b2,A4.fcs,A4,Experiment,None,,2000_gate,BL1-H,,1519,40,37.975,2.193,5.063,2620,N/A,2387,N/A,2045,N/A,852.35,N/A,32.54,N/A,410.68,N/A,17.20,N/A
d032523-DCFCA-R6,DCFCA-DMSO,Cg-b1b2,A4.fcs,A4,Experiment,None,,500_gate,BL1-H,,26127,40,653.175,37.725,87.090,1089,N/A,953,N/A,805,N/A,549.21,N/A,50.43,N/A,382.51,N/A,40.14,N/A
d032523-DCFCA-R6,DCFCA-DMSO,Cg-b1b2,A4.fcs,A4,Experiment,None,,single cell,BL1-H,,30000,40,750.000,43.317,43.317,998,N/A,880,N/A,805,N/A,565.19,N/A,56.62,N/A,415.87,N/A,47.26,N/A
d032523-DCFCA-R6,DCFCA-DMSO,Cg-b1b2,A4.fcs,A4,Experiment,None,,single cell,FSC-H,FSC-W,30000,40,750.000,43.317,45.780,448181,85,426173,83,394237,86,114557.13,8.38,25.56,9.91,105785.73,8.90,24.82,10.72
d032523-DCFCA-R6,DCFCA-DMSO,Cg-b1b2,A4.fcs,A4,Experiment,None,,cell,FSC-H,FSC-W,65531,40,1638.275,94.620,94.620,482476,109,455892,95,388094,86,161244.89,41.98,33.42,38.61,155509.91,23.72,34.11,24.97
d032523-DCFCA-R6,DCFCA-DMSO,Cg-b1b2,A4.fcs,A4,Experiment,None,,single cell,BL1-H,SSC-A,30000,40,750.000,43.317,43.317,998,112980,880,106633,808,105548,565.19,41941.19,56.62,37.12,415.87,32590.51,47.26,30.56
d032523-DCFCA-R6,DCFCA-DMSO,Cg-b1b2,A4.fcs,A4,Experiment,None,,High ROS,BL1-H,SSC-A,11975,40,299.375,17.291,39.917,1493,136303,1322,124804,1003,113623,578.00,47007.68,38.71,34.49,330.62,37576.50,25.01,30.11
d032523-DCFCA-R6,DCFCA-DMSO,Cg-b1b2,A4.fcs,A4,Experiment,None,,single cell,BL1-H,SSC-A,30000,40,750.000,43.317,43.317,998,112980,880,106633,808,105548,565.19,41941.19,56.62,37.12,415.87,32590.51,47.26,30.56
d032523-DCFCA-R6,DCFCA-DMSO,Cg-b1b2,A4.fcs,A4,Experiment,None,,single cell,BL1-H,SSC-A,30000,40,750.000,43.317,43.317,998,112980,880,106633,808,105548,565.19,41941.19,56.62,37.12,415.87,32590.51,47.26,30.56
d032523-DCFCA-R6,DCFCA-DMSO,Cg-b1b2,B4.fcs,B4,Experiment,None,N/A,All Events,N/A,N/A,72488,47,1542.298,100.000,100.000,N/A,N/A,N/A,N/A,N/A,N/A,N/A,N/A,N/A,N/A,N/A,N/A,N/A,N/A
d032523-DCFCA-R6,DCFCA-DMSO,Cg-b1b2,B4.fcs,B4,Experiment,None,,cell,FSC-H,SSC-H,64697,47,1376.532,89.252,89.252,519557,116642,491603,105590,420868,103444,160973.31,49979.56,30.98,42.85,158928.79,36646.91,32.33,34.71
d032523-DCFCA-R6,DCFCA-DMSO,Cg-b1b2,B4.fcs,B4,Experiment,None,,High_ROS,BL1-H,,4686,47,99.702,6.465,15.620,1427,N/A,1239,N/A,1048,N/A,946.15,N/A,66.31,N/A,249.82,N/A,20.17,N/A
d032523-DCFCA-R6,DCFCA-DMSO,Cg-b1b2,B4.fcs,B4,Experiment,None,,2000_gate,BL1-H,,421,47,8.957,0.581,1.403,2970,N/A,2424,N/A,2189,N/A,2608.73,N/A,87.84,N/A,475.91,N/A,19.63,N/A
d032523-DCFCA-R6,DCFCA-DMSO,Cg-b1b2,B4.fcs,B4,Experiment,None,,500_gate,BL1-H,,20145,47,428.617,27.791,67.150,876,N/A,761,N/A,563,N/A,560.86,N/A,64.04,N/A,243.15,N/A,31.95,N/A
d032523-DCFCA-R6,DCFCA-DMSO,Cg-b1b2,B4.fcs,B4,Experiment,None,,single cell,BL1-H,,30000,47,638.298,41.386,41.386,709,N/A,624,N/A,484,N/A,520.67,N/A,73.47,N/A,292.07,N/A,46.81,N/A
d032523-DCFCA-R6,DCFCA-DMSO,Cg-b1b2,B4.fcs,B4,Experiment,None,,single cell,FSC-H,FSC-W,30000,47,638.298,41.386,46.370,464260,85,448157,84,420804,86,117114.60,8.70,25.23,10.20,108172.72,8.90,24.14,10.59
d032523-DCFCA-R6,DCFCA-DMSO,Cg-b1b2,B4.fcs,B4,Experiment,None,,cell,FSC-H,FSC-W,64697,47,1376.532,89.252,89.252,519557,112,491603,98,420868,86,160973.31,42.94,30.98,38.34,158928.79,25.20,32.33,25.72
d032523-DCFCA-R6,DCFCA-DMSO,Cg-b1b2,B4.fcs,B4,Experiment,None,,single cell,BL1-H,SSC-A,30000,47,638.298,41.386,41.386,709,107677,624,103244,706,99251,520.67,39878.71,73.47,37.04,292.07,32200.59,46.81,31.19
d032523-DCFCA-R6,DCFCA-DMSO,Cg-b1b2,B4.fcs,B4,Experiment,None,,High ROS,BL1-H,SSC-A,4799,47,102.106,6.620,15.997,1417,143694,1230,129718,1004,117816,937.18,50740.76,66.15,35.31,249.08,40258.52,20.25,31.04
d032523-DCFCA-R6,DCFCA-DMSO,Cg-b1b2,B4.fcs,B4,Experiment,None,,single cell,BL1-H,SSC-A,30000,47,638.298,41.386,41.386,709,107677,624,103244,706,99251,520.67,39878.71,73.47,37.04,292.07,32200.59,46.81,31.19
d032523-DCFCA-R6,DCFCA-DMSO,Cg-b1b2,B4.fcs,B4,Experiment,None,,single cell,BL1-H,SSC-A,30000,47,638.298,41.386,41.386,709,107677,624,103244,706,99251,520.67,39878.71,73.47,37.04,292.07,32200.59,46.81,31.19
d032523-DCFCA-R6,DCFCA-DMSO,Cg-b1b2,C4.fcs,C4,Experiment,None,N/A,All Events,N/A,N/A,86411,75,1152.147,100.000,100.000,N/A,N/A,N/A,N/A,N/A,N/A,N/A,N/A,N/A,N/A,N/A,N/A,N/A,N/A
d032523-DCFCA-R6,DCFCA-DMSO,Cg-b1b2,C4.fcs,C4,Experiment,None,,cell,FSC-H,SSC-H,68530,75,913.733,79.307,79.307,534399,118776,502412,106726,461819,105461,171308.50,51972.25,32.06,43.76,165845.12,39672.89,33.01,37.17
d032523-DCFCA-R6,DCFCA-DMSO,Cg-b1b2,C4.fcs,C4,Experiment,None,,High_ROS,BL1-H,,6122,75,81.627,7.085,20.407,1408,N/A,1229,N/A,1012,N/A,1392.20,N/A,98.86,N/A,235.73,N/A,19.18,N/A
d032523-DCFCA-R6,DCFCA-DMSO,Cg-b1b2,C4.fcs,C4,Experiment,None,,2000_gate,BL1-H,,404,75,5.387,0.468,1.347,3319,N/A,2430,N/A,2101,N/A,4976.80,N/A,149.95,N/A,461.83,N/A,19.01,N/A
d032523-DCFCA-R6,DCFCA-DMSO,Cg-b1b2,C4.fcs,C4,Experiment,None,,500_gate,BL1-H,,22035,75,293.800,25.500,73.450,913,N/A,804,N/A,541,N/A,804.30,N/A,88.09,N/A,274.28,N/A,34.11,N/A
d032523-DCFCA-R6,DCFCA-DMSO,Cg-b1b2,C4.fcs,C4,Experiment,None,,single cell,BL1-H,,30000,75,400.000,34.718,34.718,769,N/A,684,N/A,541,N/A,731.42,N/A,95.14,N/A,324.69,N/A,47.47,N/A
d032523-DCFCA-R6,DCFCA-DMSO,Cg-b1b2,C4.fcs,C4,Experiment,None,,single cell,FSC-H,FSC-W,30000,75,400.000,34.718,43.776,469444,85,456332,84,427036,86,119106.58,8.92,25.37,10.48,101822.00,8.90,22.31,10.59
d032523-DCFCA-R6,DCFCA-DMSO,Cg-b1b2,C4.fcs,C4,Experiment,None,,cell,FSC-H,FSC-W,68530,75,913.733,79.307,79.307,534399,114,502412,99,461819,86,171308.50,45.59,32.06,39.95,165845.12,28.17,33.01,28.45
d032523-DCFCA-R6,DCFCA-DMSO,Cg-b1b2,C4.fcs,C4,Experiment,None,,single cell,BL1-H,SSC-A,30000,75,400.000,34.718,34.718,769,106456,684,101596,776,109592,731.42,40165.89,95.14,37.73,324.69,32897.41,47.47,32.38
d032523-DCFCA-R6,DCFCA-DMSO,Cg-b1b2,C4.fcs,C4,Experiment,None,,High ROS,BL1-H,SSC-A,6275,75,83.667,7.262,20.917,1398,141306,1220,128801,1004,115701,1376.56,49395.10,98.45,34.96,234.25,38310.38,19.20,29.74
d032523-DCFCA-R6,DCFCA-DMSO,Cg-b1b2,C4.fcs,C4,Experiment,None,,single cell,BL1-H,SSC-A,30000,75,400.000,34.718,34.718,769,106456,684,101596,776,109592,731.42,40165.89,95.14,37.73,324.69,32897.41,47.47,32.38
d032523-DCFCA-R6,DCFCA-DMSO,Cg-b1b2,C4.fcs,C4,Experiment,None,,single cell,BL1-H,SSC-A,30000,75,400.000,34.718,34.718,769,106456,684,101596,776,109592,731.42,40165.89,95.14,37.73,324.69,32897.41,47.47,32.38
d032523-DCFCA-R6,DCFCA-DMSO,Cg-b1b2,D4.fcs,D4,Experiment,None,N/A,All Events,N/A,N/A,85249,98,869.888,100.000,100.000,N/A,N/A,N/A,N/A,N/A,N/A,N/A,N/A,N/A,N/A,N/A,N/A,N/A,N/A
d032523-DCFCA-R6,DCFCA-DMSO,Cg-b1b2,D4.fcs,D4,Experiment,None,,cell,FSC-H,SSC-H,66882,98,682.469,78.455,78.455,530555,119170,498600,107537,461801,101348,175071.08,52118.17,33.00,43.73,164678.31,40535.77,33.03,37.69
d032523-DCFCA-R6,DCFCA-DMSO,Cg-b1b2,D4.fcs,D4,Experiment,None,,High_ROS,BL1-H,,8985,98,91.684,10.540,29.950,1408,N/A,1261,N/A,1013,N/A,1449.79,N/A,102.98,N/A,257.97,N/A,20.46,N/A
d032523-DCFCA-R6,DCFCA-DMSO,Cg-b1b2,D4.fcs,D4,Experiment,None,,2000_gate,BL1-H,,525,98,5.357,0.616,1.750,3087,N/A,2280,N/A,2017,N/A,5664.87,N/A,183.50,N/A,292.07,N/A,12.81,N/A
d032523-DCFCA-R6,DCFCA-DMSO,Cg-b1b2,D4.fcs,D4,Experiment,None,,500_gate,BL1-H,,24563,98,250.643,28.813,81.877,983,N/A,874,N/A,713,N/A,940.96,N/A,95.73,N/A,323.21,N/A,36.98,N/A
d032523-DCFCA-R6,DCFCA-DMSO,Cg-b1b2,D4.fcs,D4,Experiment,None,,single cell,BL1-H,,30000,98,306.122,35.191,35.191,874,N/A,784,N/A,713,N/A,883.13,N/A,101.05,N/A,366.20,N/A,46.71,N/A
d032523-DCFCA-R6,DCFCA-DMSO,Cg-b1b2,D4.fcs,D4,Experiment,None,,single cell,FSC-H,FSC-W,30000,98,306.122,35.191,44.855,468972,85,458482,84,449552,86,112932.07,8.77,24.08,10.26,95767.06,8.90,20.89,10.59
d032523-DCFCA-R6,DCFCA-DMSO,Cg-b1b2,D4.fcs,D4,Experiment,None,,cell,FSC-H,FSC-W,66882,98,682.469,78.455,78.455,530555,111,498600,98,461801,87,175071.08,41.18,33.00,37.11,164678.31,26.69,33.03,27.23
d032523-DCFCA-R6,DCFCA-DMSO,Cg-b1b2,D4.fcs,D4,Experiment,None,,single cell,BL1-H,SSC-A,30000,98,306.122,35.191,35.191,874,107154,784,101368,716,87036,883.13,38871.90,101.05,36.28,366.20,33096.08,46.71,32.65
d032523-DCFCA-R6,DCFCA-DMSO,Cg-b1b2,D4.fcs,D4,Experiment,None,,High ROS,BL1-H,SSC-A,9162,98,93.490,10.747,30.540,1400,133115,1254,123809,1017,117775,1436.81,46046.98,102.64,34.59,257.97,34656.52,20.57,27.99
d032523-DCFCA-R6,DCFCA-DMSO,Cg-b1b2,D4.fcs,D4,Experiment,None,,single cell,BL1-H,SSC-A,30000,98,306.122,35.191,35.191,874,107154,784,101368,716,87036,883.13,38871.90,101.05,36.28,366.20,33096.08,46.71,32.65
d032523-DCFCA-R6,DCFCA-DMSO,Cg-b1b2,D4.fcs,D4,Experiment,None,,single cell,BL1-H,SSC-A,30000,98,306.122,35.191,35.191,874,107154,784,101368,716,87036,883.13,38871.90,101.05,36.28,366.20,33096.08,46.71,32.65
d032523-DCFCA-R6,DCFCA-DMSO,Cg-b1b2,E4.fcs,E4,Experiment,None,N/A,All Events,N/A,N/A,68609,66,1039.530,100.000,100.000,N/A,N/A,N/A,N/A,N/A,N/A,N/A,N/A,N/A,N/A,N/A,N/A,N/A,N/A
d032523-DCFCA-R6,DCFCA-DMSO,Cg-b1b2,E4.fcs,E4,Experiment,None,,cell,FSC-H,SSC-H,60864,66,922.182,88.711,88.711,496310,116111,463979,104149,433144,99359,161691.87,50340.97,32.58,43.36,143428.95,35991.60,30.91,34.56
d032523-DCFCA-R6,DCFCA-DMSO,Cg-b1b2,E4.fcs,E4,Experiment,None,,High_ROS,BL1-H,,7460,66,113.030,10.873,24.867,1336,N/A,1213,N/A,1013,N/A,875.06,N/A,65.52,N/A,210.53,N/A,17.36,N/A
d032523-DCFCA-R6,DCFCA-DMSO,Cg-b1b2,E4.fcs,E4,Experiment,None,,2000_gate,BL1-H,,301,66,4.561,0.439,1.003,3088,N/A,2261,N/A,2074,N/A,3830.10,N/A,124.05,N/A,289.11,N/A,12.79,N/A
d032523-DCFCA-R6,DCFCA-DMSO,Cg-b1b2,E4.fcs,E4,Experiment,None,,500_gate,BL1-H,,24612,66,372.909,35.873,82.040,920,N/A,838,N/A,644,N/A,566.17,N/A,61.53,N/A,277.25,N/A,33.08,N/A
d032523-DCFCA-R6,DCFCA-DMSO,Cg-b1b2,E4.fcs,E4,Experiment,None,,single cell,BL1-H,,30000,66,454.545,43.726,43.726,824,N/A,761,N/A,644,N/A,553.27,N/A,67.11,N/A,318.76,N/A,41.89,N/A
d032523-DCFCA-R6,DCFCA-DMSO,Cg-b1b2,E4.fcs,E4,Experiment,None,,single cell,FSC-H,FSC-W,30000,66,454.545,43.726,49.290,440627,84,429875,83,414661,86,108104.04,8.26,24.53,9.81,98287.48,7.41,22.86,8.93
d032523-DCFCA-R6,DCFCA-DMSO,Cg-b1b2,E4.fcs,E4,Experiment,None,,cell,FSC-H,FSC-W,60864,66,922.182,88.711,88.711,496310,108,463979,95,433144,86,161691.87,39.29,32.58,36.49,143428.95,23.72,30.91,24.97
d032523-DCFCA-R6,DCFCA-DMSO,Cg-b1b2,E4.fcs,E4,Experiment,None,,single cell,BL1-H,SSC-A,30000,66,454.545,43.726,43.726,824,105077,761,99670,842,87070,553.27,37254.99,67.11,35.46,318.76,31509.70,41.89,31.61
d032523-DCFCA-R6,DCFCA-DMSO,Cg-b1b2,E4.fcs,E4,Experiment,None,,High ROS,BL1-H,SSC-A,7640,66,115.758,11.136,25.467,1328,133147,1206,123644,1031,107494,866.18,46808.74,65.24,35.16,210.53,36165.80,17.46,29.25
d032523-DCFCA-R6,DCFCA-DMSO,Cg-b1b2,E4.fcs,E4,Experiment,None,,single cell,BL1-H,SSC-A,30000,66,454.545,43.726,43.726,824,105077,761,99670,842,87070,553.27,37254.99,67.11,35.46,318.76,31509.70,41.89,31.61
d032523-DCFCA-R6,DCFCA-DMSO,Cg-b1b2,E4.fcs,E4,Experiment,None,,single cell,BL1-H,SSC-A,30000,66,454.545,43.726,43.726,824,105077,761,99670,842,87070,553.27,37254.99,67.11,35.46,318.76,31509.70,41.89,31.61
d032523-DCFCA-R6,DCFCA-DMSO,Cg-b1b2,F4.fcs,F4,Experiment,None,N/A,All Events,N/A,N/A,62804,65,966.215,100.000,100.000,N/A,N/A,N/A,N/A,N/A,N/A,N/A,N/A,N/A,N/A,N/A,N/A,N/A,N/A
d032523-DCFCA-R6,DCFCA-DMSO,Cg-b1b2,F4.fcs,F4,Experiment,None,,cell,FSC-H,SSC-H,56734,65,872.831,90.335,90.335,481942,114115,449839,102763,422970,91142,156387.53,49039.41,32.45,42.97,135392.51,34385.20,30.10,33.46
d032523-DCFCA-R6,DCFCA-DMSO,Cg-b1b2,F4.fcs,F4,Experiment,None,,High_ROS,BL1-H,,4774,65,73.446,7.601,15.913,1371,N/A,1186,N/A,1035,N/A,2060.19,N/A,150.22,N/A,191.26,N/A,16.13,N/A
d032523-DCFCA-R6,DCFCA-DMSO,Cg-b1b2,F4.fcs,F4,Experiment,None,,2000_gate,BL1-H,,245,65,3.769,0.390,0.817,3834,N/A,2442,N/A,2315,N/A,8705.44,N/A,227.07,N/A,511.50,N/A,20.95,N/A
d032523-DCFCA-R6,DCFCA-DMSO,Cg-b1b2,F4.fcs,F4,Experiment,None,,500_gate,BL1-H,,21886,65,336.708,34.848,72.953,860,N/A,769,N/A,540,N/A,1006.71,N/A,116.99,N/A,237.22,N/A,30.85,N/A
d032523-DCFCA-R6,DCFCA-DMSO,Cg-b1b2,F4.fcs,F4,Experiment,None,,single cell,BL1-H,,30000,65,461.538,47.768,47.768,729,N/A,662,N/A,540,N/A,887.74,N/A,121.75,N/A,289.11,N/A,43.67,N/A
d032523-DCFCA-R6,DCFCA-DMSO,Cg-b1b2,F4.fcs,F4,Experiment,None,,single cell,FSC-H,FSC-W,30000,65,461.538,47.768,52.878,427725,84,418893,83,423018,86,101596.79,7.80,23.75,9.26,93137.67,7.41,22.23,8.93
d032523-DCFCA-R6,DCFCA-DMSO,Cg-b1b2,F4.fcs,F4,Experiment,None,,cell,FSC-H,FSC-W,56734,65,872.831,90.335,90.335,481942,105,449839,92,422970,86,156387.53,37.84,32.45,35.98,135392.51,19.27,30.10,20.95
d032523-DCFCA-R6,DCFCA-DMSO,Cg-b1b2,F4.fcs,F4,Experiment,None,,single cell,BL1-H,SSC-A,30000,65,461.538,47.768,47.768,729,103594,662,99097,745,89031,887.74,34960.20,121.75,33.75,289.11,30225.02,43.67,30.50
d032523-DCFCA-R6,DCFCA-DMSO,Cg-b1b2,F4.fcs,F4,Experiment,None,,High ROS,BL1-H,SSC-A,4916,65,75.631,7.828,16.387,1361,134078,1177,123337,1031,115602,2031.16,47526.12,149.27,35.45,191.26,36283.67,16.25,29.42
d032523-DCFCA-R6,DCFCA-DMSO,Cg-b1b2,F4.fcs,F4,Experiment,None,,single cell,BL1-H,SSC-A,30000,65,461.538,47.768,47.768,729,103594,662,99097,745,89031,887.74,34960.20,121.75,33.75,289.11,30225.02,43.67,30.50
d032523-DCFCA-R6,DCFCA-DMSO,Cg-b1b2,F4.fcs,F4,Experiment,None,,single cell,BL1-H,SSC-A,30000,65,461.538,47.768,47.768,729,103594,662,99097,745,89031,887.74,34960.20,121.75,33.75,289.11,30225.02,43.67,30.50
d032523-DCFCA-R6,DCFCA-DMSO,Cg-b1b2,G4.fcs,G4,Experiment,None,N/A,All Events,N/A,N/A,59904,73,820.603,100.000,100.000,N/A,N/A,N/A,N/A,N/A,N/A,N/A,N/A,N/A,N/A,N/A,N/A,N/A,N/A
d032523-DCFCA-R6,DCFCA-DMSO,Cg-b1b2,G4.fcs,G4,Experiment,None,,cell,FSC-H,SSC-H,55791,73,764.260,93.134,93.134,454156,106670,420273,94659,404502,82977,153433.72,50374.64,33.78,47.22,129472.49,34635.02,30.81,36.59
d032523-DCFCA-R6,DCFCA-DMSO,Cg-b1b2,G4.fcs,G4,Experiment,None,,High_ROS,BL1-H,,9663,73,132.370,16.131,32.210,10674,N/A,4372,N/A,1012,N/A,14493.36,N/A,135.78,N/A,4714.67,N/A,107.84,N/A
d032523-DCFCA-R6,DCFCA-DMSO,Cg-b1b2,G4.fcs,G4,Experiment,None,,2000_gate,BL1-H,,6371,73,87.274,10.635,21.237,15491,N/A,9365,N/A,19510,N/A,15826.28,N/A,102.17,N/A,8960.83,N/A,95.68,N/A
d032523-DCFCA-R6,DCFCA-DMSO,Cg-b1b2,G4.fcs,G4,Experiment,None,,500_gate,BL1-H,,19378,73,265.452,32.348,64.593,5668,N/A,1002,N/A,506,N/A,11387.82,N/A,200.93,N/A,649.38,N/A,64.84,N/A
d032523-DCFCA-R6,DCFCA-DMSO,Cg-b1b2,G4.fcs,G4,Experiment,None,,single cell,BL1-H,,30000,73,410.959,50.080,50.080,3785,N/A,642,N/A,393,N/A,9499.24,N/A,250.98,N/A,438.85,N/A,68.36,N/A
d032523-DCFCA-R6,DCFCA-DMSO,Cg-b1b2,G4.fcs,G4,Experiment,None,,single cell,FSC-H,FSC-W,30000,73,410.959,50.080,53.772,412304,84,399561,82,404520,86,100428.70,7.72,24.36,9.23,91784.06,7.41,22.97,9.04
d032523-DCFCA-R6,DCFCA-DMSO,Cg-b1b2,G4.fcs,G4,Experiment,None,,cell,FSC-H,FSC-W,55791,73,764.260,93.134,93.134,454156,102,420273,91,404502,86,153433.72,33.53,33.78,33.02,129472.49,17.79,30.81,19.55
d032523-DCFCA-R6,DCFCA-DMSO,Cg-b1b2,G4.fcs,G4,Experiment,None,,single cell,BL1-H,SSC-A,30000,73,410.959,50.080,50.080,3785,98599,642,93348,483,87046,9499.24,37387.22,250.98,37.92,438.85,30058.97,68.36,32.20
d032523-DCFCA-R6,DCFCA-DMSO,Cg-b1b2,G4.fcs,G4,Experiment,None,,High ROS,BL1-H,SSC-A,9724,73,133.205,16.233,32.413,10613,110874,4284,104253,1004,115810,14468.00,46108.32,136.32,41.59,4604.21,39343.01,107.49,37.74
d032523-DCFCA-R6,DCFCA-DMSO,Cg-b1b2,G4.fcs,G4,Experiment,None,,single cell,BL1-H,SSC-A,30000,73,410.959,50.080,50.080,3785,98599,642,93348,483,87046,9499.24,37387.22,250.98,37.92,438.85,30058.97,68.36,32.20
d032523-DCFCA-R6,DCFCA-DMSO,Cg-b1b2,G4.fcs,G4,Experiment,None,,single cell,BL1-H,SSC-A,30000,73,410.959,50.080,50.080,3785,98599,642,93348,483,87046,9499.24,37387.22,250.98,37.92,438.85,30058.97,68.36,32.20
d032523-DCFCA-R6,DCFCA-DMSO,Cg-b1b2,H4.fcs,H4,Experiment,None,N/A,All Events,N/A,N/A,69257,47,1473.553,100.000,100.000,N/A,N/A,N/A,N/A,N/A,N/A,N/A,N/A,N/A,N/A,N/A,N/A,N/A,N/A
d032523-DCFCA-R6,DCFCA-DMSO,Cg-b1b2,H4.fcs,H4,Experiment,None,,cell,FSC-H,SSC-H,62602,47,1331.957,90.391,90.391,510020,116230,481715,104555,404542,103454,160330.37,51069.94,31.44,43.94,162709.42,38488.30,33.78,36.81
d032523-DCFCA-R6,DCFCA-DMSO,Cg-b1b2,H4.fcs,H4,Experiment,None,,High_ROS,BL1-H,,2613,47,55.596,3.773,8.710,1339,N/A,1163,N/A,1025,N/A,907.15,N/A,67.74,N/A,161.60,N/A,13.90,N/A
d032523-DCFCA-R6,DCFCA-DMSO,Cg-b1b2,H4.fcs,H4,Experiment,None,,2000_gate,BL1-H,,138,47,2.936,0.199,0.460,3655,N/A,2757,N/A,2447,N/A,3050.82,N/A,83.48,N/A,818.40,N/A,29.69,N/A
d032523-DCFCA-R6,DCFCA-DMSO,Cg-b1b2,H4.fcs,H4,Experiment,None,,500_gate,BL1-H,,17828,47,379.319,25.742,59.427,785,N/A,703,N/A,506,N/A,434.31,N/A,55.34,N/A,193.48,N/A,27.54,N/A
d032523-DCFCA-R6,DCFCA-DMSO,Cg-b1b2,H4.fcs,H4,Experiment,None,,single cell,BL1-H,,30000,47,638.298,43.317,43.317,613,N/A,556,N/A,506,N/A,398.45,N/A,64.98,N/A,246.11,N/A,44.26,N/A
d032523-DCFCA-R6,DCFCA-DMSO,Cg-b1b2,H4.fcs,H4,Experiment,None,,single cell,FSC-H,FSC-W,30000,47,638.298,43.317,47.922,448365,85,431978,84,404531,86,112903.43,8.43,25.18,9.90,106631.56,8.90,24.68,10.59
d032523-DCFCA-R6,DCFCA-DMSO,Cg-b1b2,H4.fcs,H4,Experiment,None,,cell,FSC-H,FSC-W,62602,47,1331.957,90.391,90.391,510020,111,481715,96,404542,86,160330.37,43.21,31.44,38.89,162709.42,23.72,33.78,24.71
d032523-DCFCA-R6,DCFCA-DMSO,Cg-b1b2,H4.fcs,H4,Experiment,None,,single cell,BL1-H,SSC-A,30000,47,638.298,43.317,43.317,613,105030,556,100956,546,105478,398.45,39222.07,64.98,37.34,246.11,32920.39,44.26,32.61
d032523-DCFCA-R6,DCFCA-DMSO,Cg-b1b2,H4.fcs,H4,Experiment,None,,High ROS,BL1-H,SSC-A,2691,47,57.255,3.886,8.970,1329,153368,1158,143628,1029,123946,895.71,53413.27,67.38,34.83,163.09,50276.45,14.08,35.00
d032523-DCFCA-R6,DCFCA-DMSO,Cg-b1b2,H4.fcs,H4,Experiment,None,,single cell,BL1-H,SSC-A,30000,47,638.298,43.317,43.317,613,105030,556,100956,546,105478,398.45,39222.07,64.98,37.34,246.11,32920.39,44.26,32.61
d032523-DCFCA-R6,DCFCA-DMSO,Cg-b1b2,H4.fcs,H4,Experiment,None,,single cell,BL1-H,SSC-A,30000,47,638.298,43.317,43.317,613,105030,556,100956,546,105478,398.45,39222.07,64.98,37.34,246.11,32920.39,44.26,32.61
d032523-DCFCA-R6,DCFCA-DMSO,Cg-b1b2,A6.fcs,A6,Experiment,None,N/A,All Events,N/A,N/A,65067,54,1204.944,100.000,100.000,N/A,N/A,N/A,N/A,N/A,N/A,N/A,N/A,N/A,N/A,N/A,N/A,N/A,N/A
d032523-DCFCA-R6,DCFCA-DMSO,Cg-b1b2,A6.fcs,A6,Experiment,None,,cell,FSC-H,SSC-H,60886,54,1127.519,93.574,93.574,478208,118194,449615,106099,375832,103433,162291.68,52152.52,33.94,44.12,156071.08,39000.53,34.71,36.76
d032523-DCFCA-R6,DCFCA-DMSO,Cg-b1b2,A6.fcs,A6,Experiment,None,,High_ROS,BL1-H,,7049,54,130.537,10.833,23.497,1344,N/A,1202,N/A,1011,N/A,3194.11,N/A,237.59,N/A,201.63,N/A,16.77,N/A
d032523-DCFCA-R6,DCFCA-DMSO,Cg-b1b2,A6.fcs,A6,Experiment,None,,2000_gate,BL1-H,,165,54,3.056,0.254,0.550,4989,N/A,2184,N/A,2018,N/A,20560.61,N/A,412.09,N/A,217.94,N/A,9.98,N/A
d032523-DCFCA-R6,DCFCA-DMSO,Cg-b1b2,A6.fcs,A6,Experiment,None,,500_gate,BL1-H,,24421,54,452.241,37.532,81.403,912,N/A,828,N/A,690,N/A,1741.91,N/A,190.92,N/A,272.80,N/A,32.95,N/A
d032523-DCFCA-R6,DCFCA-DMSO,Cg-b1b2,A6.fcs,A6,Experiment,None,,single cell,BL1-H,,30000,54,555.556,46.106,46.106,814,N/A,750,N/A,690,N/A,1585.36,N/A,194.67,N/A,315.79,N/A,42.11,N/A
d032523-DCFCA-R6,DCFCA-DMSO,Cg-b1b2,A6.fcs,A6,Experiment,None,,single cell,FSC-H,FSC-W,30000,54,555.556,46.106,49.272,435436,85,416248,84,381952,86,108870.41,8.21,25.00,9.65,101127.40,8.90,24.29,10.59
d032523-DCFCA-R6,DCFCA-DMSO,Cg-b1b2,A6.fcs,A6,Experiment,None,,cell,FSC-H,FSC-W,60886,54,1127.519,93.574,93.574,478208,105,449615,94,375832,86,162291.68,37.12,33.94,35.21,156071.08,20.76,34.71,22.08
d032523-DCFCA-R6,DCFCA-DMSO,Cg-b1b2,A6.fcs,A6,Experiment,None,,single cell,BL1-H,SSC-A,30000,54,555.556,46.106,46.106,814,111574,750,105776,842,111555,1585.36,40467.34,194.67,36.27,315.79,31172.41,42.11,29.47
d032523-DCFCA-R6,DCFCA-DMSO,Cg-b1b2,A6.fcs,A6,Experiment,None,,High ROS,BL1-H,SSC-A,7254,54,134.333,11.149,24.180,1335,146912,1194,136433,1004,121790,3149.16,48188.97,235.96,32.80,201.63,43920.54,16.89,32.19
d032523-DCFCA-R6,DCFCA-DMSO,Cg-b1b2,A6.fcs,A6,Experiment,None,,single cell,BL1-H,SSC-A,30000,54,555.556,46.106,46.106,814,111574,750,105776,842,111555,1585.36,40467.34,194.67,36.27,315.79,31172.41,42.11,29.47
d032523-DCFCA-R6,DCFCA-DMSO,Cg-b1b2,A6.fcs,A6,Experiment,None,,single cell,BL1-H,SSC-A,30000,54,555.556,46.106,46.106,814,111574,750,105776,842,111555,1585.36,40467.34,194.67,36.27,315.79,31172.41,42.11,29.47
d032523-DCFCA-R6,DCFCA-DMSO,Cg-b1b2,B6.fcs,B6,Experiment,None,N/A,All Events,N/A,N/A,63299,65,973.831,100.000,100.000,N/A,N/A,N/A,N/A,N/A,N/A,N/A,N/A,N/A,N/A,N/A,N/A,N/A,N/A
d032523-DCFCA-R6,DCFCA-DMSO,Cg-b1b2,B6.fcs,B6,Experiment,None,,cell,FSC-H,SSC-H,54645,65,840.692,86.328,86.328,506726,114788,474037,102558,414735,105494,162991.76,51483.91,32.17,44.85,155859.80,36722.52,32.88,35.81
d032523-DCFCA-R6,DCFCA-DMSO,Cg-b1b2,B6.fcs,B6,Experiment,None,,High_ROS,BL1-H,,3024,65,46.523,4.777,10.080,1282,N/A,1167,N/A,1012,N/A,781.24,N/A,60.95,N/A,164.57,N/A,14.10,N/A
d032523-DCFCA-R6,DCFCA-DMSO,Cg-b1b2,B6.fcs,B6,Experiment,None,,2000_gate,BL1-H,,96,65,1.477,0.152,0.320,3285,N/A,2537,N/A,2019,N/A,3750.30,N/A,114.18,N/A,593.04,N/A,23.38,N/A
d032523-DCFCA-R6,DCFCA-DMSO,Cg-b1b2,B6.fcs,B6,Experiment,None,,500_gate,BL1-H,,19331,65,297.400,30.539,64.437,792,N/A,721,N/A,540,N/A,394.44,N/A,49.80,N/A,204.60,N/A,28.38,N/A
d032523-DCFCA-R6,DCFCA-DMSO,Cg-b1b2,B6.fcs,B6,Experiment,None,,single cell,BL1-H,,30000,65,461.538,47.394,47.394,641,N/A,591,N/A,540,N/A,380.19,N/A,59.30,N/A,259.45,N/A,43.90,N/A
d032523-DCFCA-R6,DCFCA-DMSO,Cg-b1b2,B6.fcs,B6,Experiment,None,,single cell,FSC-H,FSC-W,30000,65,461.538,47.394,54.900,439681,86,429057,85,418800,86,105585.73,8.08,24.01,9.40,97821.20,8.90,22.80,10.47
d032523-DCFCA-R6,DCFCA-DMSO,Cg-b1b2,B6.fcs,B6,Experiment,None,,cell,FSC-H,FSC-W,54645,65,840.692,86.328,86.328,506726,105,474037,94,414735,86,162991.76,33.96,32.17,32.38,155859.80,19.27,32.88,20.50
d032523-DCFCA-R6,DCFCA-DMSO,Cg-b1b2,B6.fcs,B6,Experiment,None,,single cell,BL1-H,SSC-A,30000,65,461.538,47.394,47.394,641,101033,591,97515,668,95245,380.19,35768.08,59.30,35.40,259.45,30729.85,43.90,31.51
d032523-DCFCA-R6,DCFCA-DMSO,Cg-b1b2,B6.fcs,B6,Experiment,None,,High ROS,BL1-H,SSC-A,3144,65,48.369,4.967,10.480,1271,142343,1160,131212,1004,122056,768.08,48363.97,60.43,33.98,168.28,41883.45,14.51,31.92
d032523-DCFCA-R6,DCFCA-DMSO,Cg-b1b2,B6.fcs,B6,Experiment,None,,single cell,BL1-H,SSC-A,30000,65,461.538,47.394,47.394,641,101033,591,97515,668,95245,380.19,35768.08,59.30,35.40,259.45,30729.85,43.90,31.51
d032523-DCFCA-R6,DCFCA-DMSO,Cg-b1b2,B6.fcs,B6,Experiment,None,,single cell,BL1-H,SSC-A,30000,65,461.538,47.394,47.394,641,101033,591,97515,668,95245,380.19,35768.08,59.30,35.40,259.45,30729.85,43.90,31.51
d032523-DCFCA-R6,DCFCA-DMSO,Cg-b1b2,C6.fcs,C6,Experiment,None,N/A,All Events,N/A,N/A,68824,88,782.091,100.000,100.000,N/A,N/A,N/A,N/A,N/A,N/A,N/A,N/A,N/A,N/A,N/A,N/A,N/A,N/A
d032523-DCFCA-R6,DCFCA-DMSO,Cg-b1b2,C6.fcs,C6,Experiment,None,,cell,FSC-H,SSC-H,56651,88,643.761,82.313,82.313,518805,114213,485985,102620,429061,97314,169399.77,51274.43,32.65,44.89,157297.93,38380.07,32.37,37.40
d032523-DCFCA-R6,DCFCA-DMSO,Cg-b1b2,C6.fcs,C6,Experiment,None,,High_ROS,BL1-H,,6080,88,69.091,8.834,20.267,1389,N/A,1201,N/A,1013,N/A,2499.69,N/A,179.93,N/A,200.15,N/A,16.67,N/A
d032523-DCFCA-R6,DCFCA-DMSO,Cg-b1b2,C6.fcs,C6,Experiment,None,,2000_gate,BL1-H,,219,88,2.489,0.318,0.730,5044,N/A,2289,N/A,2118,N/A,12611.46,N/A,250.04,N/A,323.21,N/A,14.12,N/A
d032523-DCFCA-R6,DCFCA-DMSO,Cg-b1b2,C6.fcs,C6,Experiment,None,,500_gate,BL1-H,,22863,88,259.807,33.220,76.210,905,N/A,805,N/A,586,N/A,1326.93,N/A,146.68,N/A,260.94,N/A,32.41,N/A
d032523-DCFCA-R6,DCFCA-DMSO,Cg-b1b2,C6.fcs,C6,Experiment,None,,single cell,BL1-H,,30000,88,340.909,43.589,43.589,778,N/A,706,N/A,586,N/A,1181.10,N/A,151.76,N/A,314.31,N/A,44.52,N/A
d032523-DCFCA-R6,DCFCA-DMSO,Cg-b1b2,C6.fcs,C6,Experiment,None,,single cell,FSC-H,FSC-W,30000,88,340.909,43.589,52.956,443759,86,439761,85,429076,86,105276.05,8.14,23.72,9.46,92505.34,8.90,21.04,10.47
d032523-DCFCA-R6,DCFCA-DMSO,Cg-b1b2,C6.fcs,C6,Experiment,None,,cell,FSC-H,FSC-W,56651,88,643.761,82.313,82.313,518805,107,485985,95,429061,87,169399.77,36.02,32.65,33.76,157297.93,20.76,32.37,21.85
d032523-DCFCA-R6,DCFCA-DMSO,Cg-b1b2,C6.fcs,C6,Experiment,None,,single cell,BL1-H,SSC-A,30000,88,340.909,43.589,43.589,778,98263,706,94710,765,85025,1181.10,34787.75,151.76,35.40,314.31,31216.88,44.52,32.96
d032523-DCFCA-R6,DCFCA-DMSO,Cg-b1b2,C6.fcs,C6,Experiment,None,,High ROS,BL1-H,SSC-A,6231,88,70.807,9.054,20.770,1380,127133,1194,117919,1045,113725,2469.93,42902.70,179.00,33.75,198.67,31143.50,16.64,26.41
d032523-DCFCA-R6,DCFCA-DMSO,Cg-b1b2,C6.fcs,C6,Experiment,None,,single cell,BL1-H,SSC-A,30000,88,340.909,43.589,43.589,778,98263,706,94710,765,85025,1181.10,34787.75,151.76,35.40,314.31,31216.88,44.52,32.96
d032523-DCFCA-R6,DCFCA-DMSO,Cg-b1b2,C6.fcs,C6,Experiment,None,,single cell,BL1-H,SSC-A,30000,88,340.909,43.589,43.589,778,98263,706,94710,765,85025,1181.10,34787.75,151.76,35.40,314.31,31216.88,44.52,32.96
d032523-DCFCA-R6,DCFCA-DMSO,Cg-b1b2,D6.fcs,D6,Experiment,None,N/A,All Events,N/A,N/A,76188,139,548.115,100.000,100.000,N/A,N/A,N/A,N/A,N/A,N/A,N/A,N/A,N/A,N/A,N/A,N/A,N/A,N/A
d032523-DCFCA-R6,DCFCA-DMSO,Cg-b1b2,D6.fcs,D6,Experiment,None,,cell,FSC-H,SSC-H,58788,139,422.935,77.162,77.162,521711,116056,488332,104194,453528,97234,175359.58,52057.86,33.61,44.86,163283.18,40704.78,33.44,39.07
d032523-DCFCA-R6,DCFCA-DMSO,Cg-b1b2,D6.fcs,D6,Experiment,None,,High_ROS,BL1-H,,10751,139,77.345,14.111,35.837,1388,N/A,1271,N/A,1048,N/A,942.27,N/A,67.86,N/A,260.94,N/A,20.53,N/A
d032523-DCFCA-R6,DCFCA-DMSO,Cg-b1b2,D6.fcs,D6,Experiment,None,,2000_gate,BL1-H,,620,139,4.460,0.814,2.067,2630,N/A,2213,N/A,2018,N/A,3580.12,N/A,136.14,N/A,230.54,N/A,10.42,N/A
d032523-DCFCA-R6,DCFCA-DMSO,Cg-b1b2,D6.fcs,D6,Experiment,None,,500_gate,BL1-H,,25863,139,186.065,33.946,86.210,1016,N/A,923,N/A,609,N/A,692.38,N/A,68.15,N/A,346.93,N/A,37.59,N/A
d032523-DCFCA-R6,DCFCA-DMSO,Cg-b1b2,D6.fcs,D6,Experiment,None,,single cell,BL1-H,,30000,139,215.827,39.376,39.376,929,N/A,855,N/A,609,N/A,679.27,N/A,73.11,N/A,385.48,N/A,45.08,N/A
d032523-DCFCA-R6,DCFCA-DMSO,Cg-b1b2,D6.fcs,D6,Experiment,None,,single cell,FSC-H,FSC-W,30000,139,215.827,39.376,51.031,445096,86,443743,85,453528,86,96538.47,7.68,21.69,8.94,85652.77,7.41,19.30,8.72
d032523-DCFCA-R6,DCFCA-DMSO,Cg-b1b2,D6.fcs,D6,Experiment,None,,cell,FSC-H,FSC-W,58788,139,422.935,77.162,77.162,521711,106,488332,94,453528,86,175359.58,33.53,33.61,31.77,163283.18,20.76,33.44,22.08
d032523-DCFCA-R6,DCFCA-DMSO,Cg-b1b2,D6.fcs,D6,Experiment,None,,single cell,BL1-H,SSC-A,30000,139,215.827,39.376,39.376,929,98491,855,94932,938,87056,679.27,32228.40,73.11,32.72,385.48,29536.36,45.08,31.11
d032523-DCFCA-R6,DCFCA-DMSO,Cg-b1b2,D6.fcs,D6,Experiment,None,,High ROS,BL1-H,SSC-A,10970,139,78.921,14.399,36.567,1381,114816,1263,110075,1045,109485,934.39,36155.47,67.67,31.49,262.42,26822.46,20.78,24.37
d032523-DCFCA-R6,DCFCA-DMSO,Cg-b1b2,D6.fcs,D6,Experiment,None,,single cell,BL1-H,SSC-A,30000,139,215.827,39.376,39.376,929,98491,855,94932,938,87056,679.27,32228.40,73.11,32.72,385.48,29536.36,45.08,31.11
d032523-DCFCA-R6,DCFCA-DMSO,Cg-b1b2,D6.fcs,D6,Experiment,None,,single cell,BL1-H,SSC-A,30000,139,215.827,39.376,39.376,929,98491,855,94932,938,87056,679.27,32228.40,73.11,32.72,385.48,29536.36,45.08,31.11
d032523-DCFCA-R6,DCFCA-DMSO,Cg-b1b2,E6.fcs,E6,Experiment,None,N/A,All Events,N/A,N/A,57185,71,805.423,100.000,100.000,N/A,N/A,N/A,N/A,N/A,N/A,N/A,N/A,N/A,N/A,N/A,N/A,N/A,N/A
d032523-DCFCA-R6,DCFCA-DMSO,Cg-b1b2,E6.fcs,E6,Experiment,None,,cell,FSC-H,SSC-H,51152,71,720.451,89.450,89.450,488013,113787,455434,101817,408639,97237,161725.14,49728.08,33.14,43.70,140192.43,35349.63,30.78,34.72
d032523-DCFCA-R6,DCFCA-DMSO,Cg-b1b2,E6.fcs,E6,Experiment,None,,High_ROS,BL1-H,,7354,71,103.577,12.860,24.513,1317,N/A,1194,N/A,1012,N/A,923.21,N/A,70.10,N/A,192.74,N/A,16.14,N/A
d032523-DCFCA-R6,DCFCA-DMSO,Cg-b1b2,E6.fcs,E6,Experiment,None,,2000_gate,BL1-H,,251,71,3.535,0.439,0.837,3254,N/A,2272,N/A,2021,N/A,4458.75,N/A,137.03,N/A,329.14,N/A,14.49,N/A
d032523-DCFCA-R6,DCFCA-DMSO,Cg-b1b2,E6.fcs,E6,Experiment,None,,500_gate,BL1-H,,25081,71,353.254,43.859,83.603,911,N/A,837,N/A,666,N/A,576.17,N/A,63.22,N/A,272.80,N/A,32.59,N/A
d032523-DCFCA-R6,DCFCA-DMSO,Cg-b1b2,E6.fcs,E6,Experiment,None,,single cell,BL1-H,,30000,71,422.535,52.461,52.461,826,N/A,772,N/A,666,N/A,562.32,N/A,68.11,N/A,309.86,N/A,40.14,N/A
d032523-DCFCA-R6,DCFCA-DMSO,Cg-b1b2,E6.fcs,E6,Experiment,None,,single cell,FSC-H,FSC-W,30000,71,422.535,52.461,58.649,425698,85,420750,84,408624,86,97191.03,7.59,22.83,8.91,92818.17,7.41,22.06,8.82
d032523-DCFCA-R6,DCFCA-DMSO,Cg-b1b2,E6.fcs,E6,Experiment,None,,cell,FSC-H,FSC-W,51152,71,720.451,89.450,89.450,488013,103,455434,91,408639,86,161725.14,32.97,33.14,32.15,140192.43,16.31,30.78,17.92
d032523-DCFCA-R6,DCFCA-DMSO,Cg-b1b2,E6.fcs,E6,Experiment,None,,single cell,BL1-H,SSC-A,30000,71,422.535,52.461,52.461,826,100397,772,96382,864,89145,562.32,32877.21,68.11,32.75,309.86,29789.88,40.14,30.91
d032523-DCFCA-R6,DCFCA-DMSO,Cg-b1b2,E6.fcs,E6,Experiment,None,,High ROS,BL1-H,SSC-A,7580,71,106.761,13.255,25.267,1307,122048,1187,115585,1003,111682,910.93,40409.32,69.67,33.11,191.26,31484.49,16.11,27.24
d032523-DCFCA-R6,DCFCA-DMSO,Cg-b1b2,E6.fcs,E6,Experiment,None,,single cell,BL1-H,SSC-A,30000,71,422.535,52.461,52.461,826,100397,772,96382,864,89145,562.32,32877.21,68.11,32.75,309.86,29789.88,40.14,30.91
d032523-DCFCA-R6,DCFCA-DMSO,Cg-b1b2,E6.fcs,E6,Experiment,None,,single cell,BL1-H,SSC-A,30000,71,422.535,52.461,52.461,826,100397,772,96382,864,89145,562.32,32877.21,68.11,32.75,309.86,29789.88,40.14,30.91
d032523-DCFCA-R6,DCFCA-DMSO,Cg-b1b2,F6.fcs,F6,Experiment,None,N/A,All Events,N/A,N/A,56876,76,748.368,100.000,100.000,N/A,N/A,N/A,N/A,N/A,N/A,N/A,N/A,N/A,N/A,N/A,N/A,N/A,N/A
d032523-DCFCA-R6,DCFCA-DMSO,Cg-b1b2,F6.fcs,F6,Experiment,None,,cell,FSC-H,SSC-H,50562,76,665.289,88.899,88.899,476680,112819,441544,100561,404496,91155,160634.96,49832.03,33.70,44.17,138292.48,34442.28,31.32,34.25
d032523-DCFCA-R6,DCFCA-DMSO,Cg-b1b2,F6.fcs,F6,Experiment,None,,High_ROS,BL1-H,,4938,76,64.974,8.682,16.460,1363,N/A,1184,N/A,1013,N/A,1140.60,N/A,83.69,N/A,191.26,N/A,16.15,N/A
d032523-DCFCA-R6,DCFCA-DMSO,Cg-b1b2,F6.fcs,F6,Experiment,None,,2000_gate,BL1-H,,271,76,3.566,0.476,0.903,3567,N/A,2456,N/A,2157,N/A,4224.52,N/A,118.43,N/A,533.74,N/A,21.73,N/A
d032523-DCFCA-R6,DCFCA-DMSO,Cg-b1b2,F6.fcs,F6,Experiment,None,,500_gate,BL1-H,,22617,76,297.592,39.765,75.390,862,N/A,775,N/A,609,N/A,607.27,N/A,70.47,N/A,234.25,N/A,30.23,N/A
d032523-DCFCA-R6,DCFCA-DMSO,Cg-b1b2,F6.fcs,F6,Experiment,None,,single cell,BL1-H,,30000,76,394.737,52.746,52.746,743,N/A,681,N/A,609,N/A,568.59,N/A,76.55,N/A,284.66,N/A,41.80,N/A
d032523-DCFCA-R6,DCFCA-DMSO,Cg-b1b2,F6.fcs,F6,Experiment,None,,single cell,FSC-H,FSC-W,30000,76,394.737,52.746,59.333,417255,85,409853,84,404496,86,97126.29,7.51,23.28,8.85,91480.12,7.41,22.32,8.82
d032523-DCFCA-R6,DCFCA-DMSO,Cg-b1b2,F6.fcs,F6,Experiment,None,,cell,FSC-H,FSC-W,50562,76,665.289,88.899,88.899,476680,101,441544,90,404496,86,160634.96,31.84,33.70,31.44,138292.48,16.31,31.32,18.12
d032523-DCFCA-R6,DCFCA-DMSO,Cg-b1b2,F6.fcs,F6,Experiment,None,,single cell,BL1-H,SSC-A,30000,76,394.737,52.746,52.746,743,100176,681,96248,745,82951,568.59,33018.39,76.55,32.96,284.66,29520.05,41.80,30.67
d032523-DCFCA-R6,DCFCA-DMSO,Cg-b1b2,F6.fcs,F6,Experiment,None,,High ROS,BL1-H,SSC-A,5101,76,67.118,8.969,17.003,1351,127746,1176,119782,1004,117572,1124.03,44471.97,83.19,34.81,191.26,34024.19,16.26,28.41
d032523-DCFCA-R6,DCFCA-DMSO,Cg-b1b2,F6.fcs,F6,Experiment,None,,single cell,BL1-H,SSC-A,30000,76,394.737,52.746,52.746,743,100176,681,96248,745,82951,568.59,33018.39,76.55,32.96,284.66,29520.05,41.80,30.67
d032523-DCFCA-R6,DCFCA-DMSO,Cg-b1b2,F6.fcs,F6,Experiment,None,,single cell,BL1-H,SSC-A,30000,76,394.737,52.746,52.746,743,100176,681,96248,745,82951,568.59,33018.39,76.55,32.96,284.66,29520.05,41.80,30.67
d032523-DCFCA-R6,DCFCA-DMSO,Cg-b1b2,G6.fcs,G6,Experiment,None,N/A,All Events,N/A,N/A,50786,108,470.241,100.000,100.000,N/A,N/A,N/A,N/A,N/A,N/A,N/A,N/A,N/A,N/A,N/A,N/A,N/A,N/A
d032523-DCFCA-R6,DCFCA-DMSO,Cg-b1b2,G6.fcs,G6,Experiment,None,,cell,FSC-H,SSC-H,47461,108,439.454,93.453,93.453,438005,102630,405460,91409,373782,80916,152752.00,49399.85,34.87,48.13,127656.31,34270.30,31.48,37.49
d032523-DCFCA-R6,DCFCA-DMSO,Cg-b1b2,G6.fcs,G6,Experiment,None,,High_ROS,BL1-H,,9086,108,84.130,17.891,30.287,10007,N/A,4119,N/A,1013,N/A,13152.06,N/A,131.43,N/A,4410.73,N/A,107.08,N/A
d032523-DCFCA-R6,DCFCA-DMSO,Cg-b1b2,G6.fcs,G6,Experiment,None,,2000_gate,BL1-H,,5803,108,53.731,11.426,19.343,14919,N/A,9424,N/A,17524,N/A,14283.67,N/A,95.74,N/A,9036.45,N/A,95.89,N/A
d032523-DCFCA-R6,DCFCA-DMSO,Cg-b1b2,G6.fcs,G6,Experiment,None,,500_gate,BL1-H,,19846,108,183.759,39.078,66.153,4958,N/A,922,N/A,518,N/A,10036.36,N/A,202.44,N/A,515.94,N/A,55.96,N/A
d032523-DCFCA-R6,DCFCA-DMSO,Cg-b1b2,G6.fcs,G6,Experiment,None,,single cell,BL1-H,,30000,108,277.778,59.071,59.071,3400,N/A,649,N/A,483,N/A,8448.81,N/A,248.53,N/A,415.13,N/A,63.96,N/A
d032523-DCFCA-R6,DCFCA-DMSO,Cg-b1b2,G6.fcs,G6,Experiment,None,,single cell,FSC-H,FSC-W,30000,108,277.778,59.071,63.210,396131,84,386490,83,359272,86,91830.59,7.08,23.18,8.41,88090.90,7.41,22.79,8.93
d032523-DCFCA-R6,DCFCA-DMSO,Cg-b1b2,G6.fcs,G6,Experiment,None,,cell,FSC-H,FSC-W,47461,108,439.454,93.453,93.453,438005,96,405460,87,373782,86,152752.00,26.65,34.87,27.73,127656.31,13.34,31.48,15.34
d032523-DCFCA-R6,DCFCA-DMSO,Cg-b1b2,G6.fcs,G6,Experiment,None,,single cell,BL1-H,SSC-A,30000,108,277.778,59.071,59.071,3400,93696,649,90059,483,82993,8448.81,33682.26,248.53,35.95,415.13,29216.86,63.96,32.44
d032523-DCFCA-R6,DCFCA-DMSO,Cg-b1b2,G6.fcs,G6,Experiment,None,,High ROS,BL1-H,SSC-A,9170,108,84.907,18.056,30.567,9924,106143,4039,101032,1003,105419,13119.77,40819.95,132.20,38.46,4312.88,35523.84,106.78,35.16
d032523-DCFCA-R6,DCFCA-DMSO,Cg-b1b2,G6.fcs,G6,Experiment,None,,single cell,BL1-H,SSC-A,30000,108,277.778,59.071,59.071,3400,93696,649,90059,483,82993,8448.81,33682.26,248.53,35.95,415.13,29216.86,63.96,32.44
d032523-DCFCA-R6,DCFCA-DMSO,Cg-b1b2,G6.fcs,G6,Experiment,None,,single cell,BL1-H,SSC-A,30000,108,277.778,59.071,59.071,3400,93696,649,90059,483,82993,8448.81,33682.26,248.53,35.95,415.13,29216.86,63.96,32.44
d032523-DCFCA-R6,DCFCA-DMSO,Cg-b1b2,H6.fcs,H6,Experiment,None,N/A,All Events,N/A,N/A,64822,55,1178.582,100.000,100.000,N/A,N/A,N/A,N/A,N/A,N/A,N/A,N/A,N/A,N/A,N/A,N/A,N/A,N/A
d032523-DCFCA-R6,DCFCA-DMSO,Cg-b1b2,H6.fcs,H6,Experiment,None,,cell,FSC-H,SSC-H,57356,55,1042.836,88.482,88.482,495862,113258,462894,101236,404537,99345,162715.97,51406.28,32.81,45.39,159426.20,38050.19,34.44,37.59
d032523-DCFCA-R6,DCFCA-DMSO,Cg-b1b2,H6.fcs,H6,Experiment,None,,High_ROS,BL1-H,,2368,55,43.055,3.653,7.893,1345,N/A,1160,N/A,1034,N/A,1316.73,N/A,97.93,N/A,166.05,N/A,14.31,N/A
d032523-DCFCA-R6,DCFCA-DMSO,Cg-b1b2,H6.fcs,H6,Experiment,None,,2000_gate,BL1-H,,142,55,2.582,0.219,0.473,3515,N/A,2530,N/A,2042,N/A,4842.94,N/A,137.77,N/A,634.55,N/A,25.08,N/A
d032523-DCFCA-R6,DCFCA-DMSO,Cg-b1b2,H6.fcs,H6,Experiment,None,,500_gate,BL1-H,,17844,55,324.436,27.528,59.480,778,N/A,700,N/A,507,N/A,542.80,N/A,69.78,N/A,189.77,N/A,27.11,N/A
d032523-DCFCA-R6,DCFCA-DMSO,Cg-b1b2,H6.fcs,H6,Experiment,None,,single cell,BL1-H,,30000,55,545.455,46.281,46.281,609,N/A,556,N/A,507,N/A,469.45,N/A,77.03,N/A,244.63,N/A,44.00,N/A
d032523-DCFCA-R6,DCFCA-DMSO,Cg-b1b2,H6.fcs,H6,Experiment,None,,single cell,FSC-H,FSC-W,30000,55,545.455,46.281,52.305,430183,85,416557,83,404510,86,105013.94,7.85,24.41,9.28,100194.85,7.41,24.05,8.93
d032523-DCFCA-R6,DCFCA-DMSO,Cg-b1b2,H6.fcs,H6,Experiment,None,,cell,FSC-H,FSC-W,57356,55,1042.836,88.482,88.482,495862,106,462894,93,404537,86,162715.97,36.84,32.81,34.86,159426.20,20.76,34.44,22.32
d032523-DCFCA-R6,DCFCA-DMSO,Cg-b1b2,H6.fcs,H6,Experiment,None,,single cell,BL1-H,SSC-A,30000,55,545.455,46.281,46.281,609,99431,556,95901,568,105479,469.45,35883.02,77.03,36.09,244.63,31641.65,44.00,32.99
d032523-DCFCA-R6,DCFCA-DMSO,Cg-b1b2,H6.fcs,H6,Experiment,None,,High ROS,BL1-H,SSC-A,2446,55,44.473,3.773,8.153,1334,143062,1151,133093,1031,113773,1296.96,50947.47,97.26,35.61,164.57,46392.04,14.30,34.86
d032523-DCFCA-R6,DCFCA-DMSO,Cg-b1b2,H6.fcs,H6,Experiment,None,,single cell,BL1-H,SSC-A,30000,55,545.455,46.281,46.281,609,99431,556,95901,568,105479,469.45,35883.02,77.03,36.09,244.63,31641.65,44.00,32.99
d032523-DCFCA-R6,DCFCA-DMSO,Cg-b1b2,H6.fcs,H6,Experiment,None,,single cell,BL1-H,SSC-A,30000,55,545.455,46.281,46.281,609,99431,556,95901,568,105479,469.45,35883.02,77.03,36.09,244.63,31641.65,44.00,32.99
d032523-DCFCA-R6,DCFCA-DMSO,Sc-b1b2,A11.fcs,A11,Experiment,None,N/A,All Events,N/A,N/A,87606,127,689.811,100.000,100.000,N/A,N/A,N/A,N/A,N/A,N/A,N/A,N/A,N/A,N/A,N/A,N/A,N/A,N/A
d032523-DCFCA-R6,DCFCA-DMSO,Sc-b1b2,A11.fcs,A11,Experiment,None,,cell,FSC-H,SSC-H,63556,127,500.441,72.548,72.548,566717,144959,550370,138313,523216,134176,169248.27,51245.60,29.86,35.35,174702.17,47693.02,31.74,34.48
d032523-DCFCA-R6,DCFCA-DMSO,Sc-b1b2,A11.fcs,A11,Experiment,None,,High_ROS,BL1-H,,5914,127,46.567,6.751,19.713,1766,N/A,1202,N/A,1013,N/A,2513.18,N/A,142.30,N/A,212.01,N/A,17.64,N/A
d032523-DCFCA-R6,DCFCA-DMSO,Sc-b1b2,A11.fcs,A11,Experiment,None,,2000_gate,BL1-H,,648,127,5.102,0.740,2.160,6104,N/A,3566,N/A,2133,N/A,6017.64,N/A,98.59,N/A,2014.85,N/A,56.51,N/A
d032523-DCFCA-R6,DCFCA-DMSO,Sc-b1b2,A11.fcs,A11,Experiment,None,,500_gate,BL1-H,,23735,127,186.890,27.093,79.117,989,N/A,800,N/A,713,N/A,1337.30,N/A,135.19,N/A,253.52,N/A,31.69,N/A
d032523-DCFCA-R6,DCFCA-DMSO,Sc-b1b2,A11.fcs,A11,Experiment,None,,single cell,BL1-H,,30000,127,236.220,34.244,34.244,863,N/A,718,N/A,713,N/A,1215.25,N/A,140.83,N/A,296.52,N/A,41.30,N/A
d032523-DCFCA-R6,DCFCA-DMSO,Sc-b1b2,A11.fcs,A11,Experiment,None,,single cell,FSC-H,FSC-W,30000,127,236.220,34.244,47.202,463885,87,467950,86,467940,86,105677.11,8.40,22.78,9.65,102703.41,8.90,21.95,10.34
d032523-DCFCA-R6,DCFCA-DMSO,Sc-b1b2,A11.fcs,A11,Experiment,None,,cell,FSC-H,FSC-W,63556,127,500.441,72.548,72.548,566717,109,550370,101,523216,86,169248.27,30.24,29.86,27.81,174702.17,26.69,31.74,26.42
d032523-DCFCA-R6,DCFCA-DMSO,Sc-b1b2,A11.fcs,A11,Experiment,None,,single cell,BL1-H,SSC-A,30000,127,236.220,34.244,34.244,863,122717,718,120435,777,126043,1215.25,37983.90,140.83,30.95,296.52,37434.91,41.30,31.08
d032523-DCFCA-R6,DCFCA-DMSO,Sc-b1b2,A11.fcs,A11,Experiment,None,,High ROS,BL1-H,SSC-A,6093,127,47.976,6.955,20.310,1744,145445,1192,140267,1004,138327,2479.36,43124.71,142.20,29.65,210.53,37994.59,17.66,27.09
d032523-DCFCA-R6,DCFCA-DMSO,Sc-b1b2,A11.fcs,A11,Experiment,None,,single cell,BL1-H,SSC-A,30000,127,236.220,34.244,34.244,863,122717,718,120435,777,126043,1215.25,37983.90,140.83,30.95,296.52,37434.91,41.30,31.08
d032523-DCFCA-R6,DCFCA-DMSO,Sc-b1b2,A11.fcs,A11,Experiment,None,,single cell,BL1-H,SSC-A,30000,127,236.220,34.244,34.244,863,122717,718,120435,777,126043,1215.25,37983.90,140.83,30.95,296.52,37434.91,41.30,31.08
d032523-DCFCA-R6,DCFCA-DMSO,Sc-b1b2,A12.fcs,A12,Experiment,None,N/A,All Events,N/A,N/A,71810,132,544.015,100.000,100.000,N/A,N/A,N/A,N/A,N/A,N/A,N/A,N/A,N/A,N/A,N/A,N/A,N/A,N/A
d032523-DCFCA-R6,DCFCA-DMSO,Sc-b1b2,A12.fcs,A12,Experiment,None,,cell,FSC-H,SSC-H,56323,132,426.689,78.433,78.433,515067,148995,489032,141490,443416,126020,184216.84,55722.07,35.77,37.40,198870.03,57344.00,40.67,40.53
d032523-DCFCA-R6,DCFCA-DMSO,Sc-b1b2,A12.fcs,A12,Experiment,None,,High_ROS,BL1-H,,22482,132,170.318,31.308,74.940,2398,N/A,1770,N/A,1118,N/A,2118.57,N/A,88.36,N/A,769.47,N/A,43.47,N/A
d032523-DCFCA-R6,DCFCA-DMSO,Sc-b1b2,A12.fcs,A12,Experiment,None,,2000_gate,BL1-H,,8997,132,68.159,12.529,29.990,3832,N/A,2860,N/A,2161,N/A,2769.26,N/A,72.27,N/A,950.35,N/A,33.23,N/A
d032523-DCFCA-R6,DCFCA-DMSO,Sc-b1b2,A12.fcs,A12,Experiment,None,,500_gate,BL1-H,,29144,132,220.788,40.585,97.147,2030,N/A,1489,N/A,1118,N/A,1980.91,N/A,97.60,N/A,793.19,N/A,53.27,N/A
d032523-DCFCA-R6,DCFCA-DMSO,Sc-b1b2,A12.fcs,A12,Experiment,None,,single cell,BL1-H,,30000,132,227.273,41.777,41.777,1983,N/A,1459,N/A,1118,N/A,1971.25,N/A,99.40,N/A,799.12,N/A,54.77,N/A
d032523-DCFCA-R6,DCFCA-DMSO,Sc-b1b2,A12.fcs,A12,Experiment,None,,single cell,FSC-H,FSC-W,30000,132,227.273,41.777,53.264,433148,86,425040,85,443409,86,107690.90,8.10,24.86,9.42,110838.43,8.90,26.08,10.47
d032523-DCFCA-R6,DCFCA-DMSO,Sc-b1b2,A12.fcs,A12,Experiment,None,,cell,FSC-H,FSC-W,56323,132,426.689,78.433,78.433,515067,103,489032,94,443416,86,184216.84,27.92,35.77,27.17,198870.03,20.76,40.67,22.08
d032523-DCFCA-R6,DCFCA-DMSO,Sc-b1b2,A12.fcs,A12,Experiment,None,,single cell,BL1-H,SSC-A,30000,132,227.273,41.777,41.777,1983,130771,1459,125944,1408,101426,1971.25,38986.67,99.40,29.81,799.12,39494.98,54.77,31.36
d032523-DCFCA-R6,DCFCA-DMSO,Sc-b1b2,A12.fcs,A12,Experiment,None,,High ROS,BL1-H,SSC-A,22636,132,171.485,31.522,75.453,2388,136472,1763,132589,1408,142275,2114.47,39400.04,88.54,28.87,770.95,40532.06,43.73,30.57
d032523-DCFCA-R6,DCFCA-DMSO,Sc-b1b2,A12.fcs,A12,Experiment,None,,single cell,BL1-H,SSC-A,30000,132,227.273,41.777,41.777,1983,130771,1459,125944,1408,101426,1971.25,38986.67,99.40,29.81,799.12,39494.98,54.77,31.36
d032523-DCFCA-R6,DCFCA-DMSO,Sc-b1b2,A12.fcs,A12,Experiment,None,,single cell,BL1-H,SSC-A,30000,132,227.273,41.777,41.777,1983,130771,1459,125944,1408,101426,1971.25,38986.67,99.40,29.81,799.12,39494.98,54.77,31.36
d032523-DCFCA-R6,DCFCA-DMSO,Sc-b1b2,B11.fcs,B11,Experiment,None,N/A,All Events,N/A,N/A,94638,164,577.061,100.000,100.000,N/A,N/A,N/A,N/A,N/A,N/A,N/A,N/A,N/A,N/A,N/A,N/A,N/A,N/A
d032523-DCFCA-R6,DCFCA-DMSO,Sc-b1b2,B11.fcs,B11,Experiment,None,,cell,FSC-H,SSC-H,64090,164,390.793,67.721,67.721,594225,152217,581608,145846,527348,136193,160691.84,46963.39,27.04,30.85,166937.05,44930.93,28.70,30.81
d032523-DCFCA-R6,DCFCA-DMSO,Sc-b1b2,B11.fcs,B11,Experiment,None,,High_ROS,BL1-H,,6403,164,39.043,6.766,21.343,1526,N/A,1166,N/A,1035,N/A,6089.68,N/A,398.93,N/A,164.57,N/A,14.11,N/A
d032523-DCFCA-R6,DCFCA-DMSO,Sc-b1b2,B11.fcs,B11,Experiment,None,,2000_gate,BL1-H,,149,164,0.909,0.157,0.497,14573,N/A,2672,N/A,2046,N/A,37778.48,N/A,259.24,N/A,845.08,N/A,31.63,N/A
d032523-DCFCA-R6,DCFCA-DMSO,Sc-b1b2,B11.fcs,B11,Experiment,None,,500_gate,BL1-H,,24861,164,151.591,26.270,82.870,941,N/A,812,N/A,667,N/A,3111.75,N/A,330.63,N/A,252.04,N/A,31.04,N/A
d032523-DCFCA-R6,DCFCA-DMSO,Sc-b1b2,B11.fcs,B11,Experiment,None,,single cell,BL1-H,,30000,164,182.927,31.700,31.700,847,N/A,748,N/A,667,N/A,2840.55,N/A,335.55,N/A,289.11,N/A,38.65,N/A
d032523-DCFCA-R6,DCFCA-DMSO,Sc-b1b2,B11.fcs,B11,Experiment,None,,single cell,FSC-H,FSC-W,30000,164,182.927,31.700,46.809,493505,89,495883,89,496542,86,102381.34,8.25,20.75,9.24,99926.50,8.90,20.15,10.00
d032523-DCFCA-R6,DCFCA-DMSO,Sc-b1b2,B11.fcs,B11,Experiment,None,,cell,FSC-H,FSC-W,64090,164,390.793,67.721,67.721,594225,111,581608,104,527348,86,160691.84,29.40,27.04,26.49,166937.05,26.69,28.70,25.66
d032523-DCFCA-R6,DCFCA-DMSO,Sc-b1b2,B11.fcs,B11,Experiment,None,,single cell,BL1-H,SSC-A,30000,164,182.927,31.700,31.700,847,132645,748,129431,842,123878,2840.55,35893.98,335.55,27.06,289.11,33697.27,38.65,26.04
d032523-DCFCA-R6,DCFCA-DMSO,Sc-b1b2,B11.fcs,B11,Experiment,None,,High ROS,BL1-H,SSC-A,6593,164,40.201,6.967,21.977,1511,154468,1159,150191,1046,138351,6001.93,39914.20,397.13,25.84,163.09,35767.72,14.07,23.81
d032523-DCFCA-R6,DCFCA-DMSO,Sc-b1b2,B11.fcs,B11,Experiment,None,,single cell,BL1-H,SSC-A,30000,164,182.927,31.700,31.700,847,132645,748,129431,842,123878,2840.55,35893.98,335.55,27.06,289.11,33697.27,38.65,26.04
d032523-DCFCA-R6,DCFCA-DMSO,Sc-b1b2,B11.fcs,B11,Experiment,None,,single cell,BL1-H,SSC-A,30000,164,182.927,31.700,31.700,847,132645,748,129431,842,123878,2840.55,35893.98,335.55,27.06,289.11,33697.27,38.65,26.04
d032523-DCFCA-R6,DCFCA-DMSO,Sc-b1b2,B12.fcs,B12,Experiment,None,N/A,All Events,N/A,N/A,73553,150,490.353,100.000,100.000,N/A,N/A,N/A,N/A,N/A,N/A,N/A,N/A,N/A,N/A,N/A,N/A,N/A,N/A
d032523-DCFCA-R6,DCFCA-DMSO,Sc-b1b2,B12.fcs,B12,Experiment,None,,cell,FSC-H,SSC-H,55654,150,371.027,75.665,75.665,522174,151597,495684,144387,453708,113626,180890.41,52575.41,34.64,34.68,199603.92,54714.61,40.27,37.89
d032523-DCFCA-R6,DCFCA-DMSO,Sc-b1b2,B12.fcs,B12,Experiment,None,,High_ROS,BL1-H,,9376,150,62.507,12.747,31.253,1320,N/A,1215,N/A,1012,N/A,561.98,N/A,42.56,N/A,211.27,N/A,17.39,N/A
d032523-DCFCA-R6,DCFCA-DMSO,Sc-b1b2,B12.fcs,B12,Experiment,None,,2000_gate,BL1-H,,318,150,2.120,0.432,1.060,2831,N/A,2326,N/A,2015,N/A,2359.92,N/A,83.37,N/A,345.45,N/A,14.85,N/A
d032523-DCFCA-R6,DCFCA-DMSO,Sc-b1b2,B12.fcs,B12,Experiment,None,,500_gate,BL1-H,,26276,150,175.173,35.724,87.587,956,N/A,884,N/A,874,N/A,446.12,N/A,46.68,N/A,298.00,N/A,33.71,N/A
d032523-DCFCA-R6,DCFCA-DMSO,Sc-b1b2,B12.fcs,B12,Experiment,None,,single cell,BL1-H,,30000,150,200.000,40.787,40.787,886,N/A,832,N/A,874,N/A,457.37,N/A,51.61,N/A,332.10,N/A,39.92,N/A
d032523-DCFCA-R6,DCFCA-DMSO,Sc-b1b2,B12.fcs,B12,Experiment,None,,single cell,FSC-H,FSC-W,30000,150,200.000,40.787,53.904,432023,86,423215,84,453728,86,109347.61,8.13,25.31,9.51,113346.25,7.41,26.78,8.82
d032523-DCFCA-R6,DCFCA-DMSO,Sc-b1b2,B12.fcs,B12,Experiment,None,,cell,FSC-H,FSC-W,55654,150,371.027,75.665,75.665,522174,103,495684,94,453708,86,180890.41,27.54,34.64,26.77,199603.92,20.76,40.27,22.08
d032523-DCFCA-R6,DCFCA-DMSO,Sc-b1b2,B12.fcs,B12,Experiment,None,,single cell,BL1-H,SSC-A,30000,150,200.000,40.787,40.787,886,131951,832,126812,877,113688,457.37,37258.22,51.61,28.24,332.10,37773.68,39.92,29.79
d032523-DCFCA-R6,DCFCA-DMSO,Sc-b1b2,B12.fcs,B12,Experiment,None,,High ROS,BL1-H,SSC-A,9587,150,63.913,13.034,31.957,1313,149687,1209,147769,1045,152534,557.74,40597.45,42.46,27.12,212.01,41199.97,17.54,27.88
d032523-DCFCA-R6,DCFCA-DMSO,Sc-b1b2,B12.fcs,B12,Experiment,None,,single cell,BL1-H,SSC-A,30000,150,200.000,40.787,40.787,886,131951,832,126812,877,113688,457.37,37258.22,51.61,28.24,332.10,37773.68,39.92,29.79
d032523-DCFCA-R6,DCFCA-DMSO,Sc-b1b2,B12.fcs,B12,Experiment,None,,single cell,BL1-H,SSC-A,30000,150,200.000,40.787,40.787,886,131951,832,126812,877,113688,457.37,37258.22,51.61,28.24,332.10,37773.68,39.92,29.79
d032523-DCFCA-R6,DCFCA-DMSO,Sc-b1b2,C11.fcs,C11,Experiment,None,N/A,All Events,N/A,N/A,80302,157,511.478,100.000,100.000,N/A,N/A,N/A,N/A,N/A,N/A,N/A,N/A,N/A,N/A,N/A,N/A,N/A,N/A
d032523-DCFCA-R6,DCFCA-DMSO,Sc-b1b2,C11.fcs,C11,Experiment,None,,cell,FSC-H,SSC-H,57076,157,363.541,71.077,71.077,509036,144548,490917,135274,478216,128013,161690.04,51973.26,31.76,35.96,153334.20,46865.73,31.23,34.65
d032523-DCFCA-R6,DCFCA-DMSO,Sc-b1b2,C11.fcs,C11,Experiment,None,,High_ROS,BL1-H,,21317,157,135.777,26.546,71.057,19729,N/A,10051,N/A,44454,N/A,21421.35,N/A,108.58,N/A,13178.83,N/A,131.12,N/A
d032523-DCFCA-R6,DCFCA-DMSO,Sc-b1b2,C11.fcs,C11,Experiment,None,,2000_gate,BL1-H,,14921,157,95.038,18.581,49.737,27613,N/A,24502,N/A,44454,N/A,21175.38,N/A,76.69,N/A,24925.47,N/A,101.73,N/A
d032523-DCFCA-R6,DCFCA-DMSO,Sc-b1b2,C11.fcs,C11,Experiment,None,,500_gate,BL1-H,,28751,157,183.127,35.804,95.837,14826,N/A,2335,N/A,44454,N/A,20228.20,N/A,136.44,N/A,2539.69,N/A,108.77,N/A
d032523-DCFCA-R6,DCFCA-DMSO,Sc-b1b2,C11.fcs,C11,Experiment,None,,single cell,BL1-H,,30000,157,191.083,37.359,37.359,14225,N/A,1962,N/A,44454,N/A,20011.18,N/A,140.67,N/A,2109.74,N/A,107.53,N/A
d032523-DCFCA-R6,DCFCA-DMSO,Sc-b1b2,C11.fcs,C11,Experiment,None,,single cell,FSC-H,FSC-W,30000,157,191.083,37.359,52.561,438931,86,439244,85,453729,86,92998.99,7.34,21.19,8.51,97582.51,7.41,22.22,8.72
d032523-DCFCA-R6,DCFCA-DMSO,Sc-b1b2,C11.fcs,C11,Experiment,None,,cell,FSC-H,FSC-W,57076,157,363.541,71.077,71.077,509036,103,490917,95,478216,86,161690.04,26.59,31.76,25.86,153334.20,19.27,31.23,20.29
d032523-DCFCA-R6,DCFCA-DMSO,Sc-b1b2,C11.fcs,C11,Experiment,None,,single cell,BL1-H,SSC-A,30000,157,191.083,37.359,37.359,14225,128300,1962,123509,1030,103374,20011.18,38129.90,140.67,29.72,2109.74,35460.83,107.53,28.71
d032523-DCFCA-R6,DCFCA-DMSO,Sc-b1b2,C11.fcs,C11,Experiment,None,,High ROS,BL1-H,SSC-A,21436,157,136.535,26.694,71.453,19625,132941,9833,128242,1030,134173,21407.08,40140.15,109.08,30.19,12874.90,38152.49,130.94,29.75
d032523-DCFCA-R6,DCFCA-DMSO,Sc-b1b2,C11.fcs,C11,Experiment,None,,single cell,BL1-H,SSC-A,30000,157,191.083,37.359,37.359,14225,128300,1962,123509,1030,103374,20011.18,38129.90,140.67,29.72,2109.74,35460.83,107.53,28.71
d032523-DCFCA-R6,DCFCA-DMSO,Sc-b1b2,C11.fcs,C11,Experiment,None,,single cell,BL1-H,SSC-A,30000,157,191.083,37.359,37.359,14225,128300,1962,123509,1030,103374,20011.18,38129.90,140.67,29.72,2109.74,35460.83,107.53,28.71
d032523-DCFCA-R6,DCFCA-DMSO,Sc-b1b2,C12.fcs,C12,Experiment,None,N/A,All Events,N/A,N/A,71885,160,449.281,100.000,100.000,N/A,N/A,N/A,N/A,N/A,N/A,N/A,N/A,N/A,N/A,N/A,N/A,N/A,N/A
d032523-DCFCA-R6,DCFCA-DMSO,Sc-b1b2,C12.fcs,C12,Experiment,None,,cell,FSC-H,SSC-H,55235,160,345.219,76.838,76.838,490152,147101,462188,137535,398305,107542,182771.74,57228.61,37.29,38.90,201166.58,56433.69,43.52,41.03
d032523-DCFCA-R6,DCFCA-DMSO,Sc-b1b2,C12.fcs,C12,Experiment,None,,High_ROS,BL1-H,,17602,160,110.013,24.486,58.673,5807,N/A,1530,N/A,1012,N/A,10673.31,N/A,183.80,N/A,604.90,N/A,39.54,N/A
d032523-DCFCA-R6,DCFCA-DMSO,Sc-b1b2,C12.fcs,C12,Experiment,None,,2000_gate,BL1-H,,5907,160,36.919,8.217,19.690,14626,N/A,8111,N/A,30877,N/A,14909.42,N/A,101.94,N/A,8708.79,N/A,107.37,N/A
d032523-DCFCA-R6,DCFCA-DMSO,Sc-b1b2,C12.fcs,C12,Experiment,None,,500_gate,BL1-H,,28374,160,177.338,39.471,94.580,3897,N/A,1160,N/A,874,N/A,8754.20,N/A,224.63,N/A,553.01,N/A,47.67,N/A
d032523-DCFCA-R6,DCFCA-DMSO,Sc-b1b2,C12.fcs,C12,Experiment,None,,single cell,BL1-H,,30000,160,187.500,41.733,41.733,3708,N/A,1120,N/A,874,N/A,8550.32,N/A,230.60,N/A,564.87,N/A,50.43,N/A
d032523-DCFCA-R6,DCFCA-DMSO,Sc-b1b2,C12.fcs,C12,Experiment,None,,single cell,FSC-H,FSC-W,30000,160,187.500,41.733,54.313,410225,85,399318,84,398331,86,106015.27,7.89,25.84,9.25,111633.11,7.41,27.96,8.82
d032523-DCFCA-R6,DCFCA-DMSO,Sc-b1b2,C12.fcs,C12,Experiment,None,,cell,FSC-H,FSC-W,55235,160,345.219,76.838,76.838,490152,101,462188,92,398305,86,182771.74,27.09,37.29,26.87,201166.58,19.27,43.52,20.95
d032523-DCFCA-R6,DCFCA-DMSO,Sc-b1b2,C12.fcs,C12,Experiment,None,,single cell,BL1-H,SSC-A,30000,160,187.500,41.733,41.733,3708,128914,1120,123276,963,109598,8550.32,38316.18,230.60,29.72,564.87,38416.39,50.43,31.16
d032523-DCFCA-R6,DCFCA-DMSO,Sc-b1b2,C12.fcs,C12,Experiment,None,,High ROS,BL1-H,SSC-A,17773,160,111.081,24.724,59.243,5761,136647,1522,133331,1088,105428,10632.19,40572.31,184.57,29.69,601.94,41844.90,39.55,31.38
d032523-DCFCA-R6,DCFCA-DMSO,Sc-b1b2,C12.fcs,C12,Experiment,None,,single cell,BL1-H,SSC-A,30000,160,187.500,41.733,41.733,3708,128914,1120,123276,963,109598,8550.32,38316.18,230.60,29.72,564.87,38416.39,50.43,31.16
d032523-DCFCA-R6,DCFCA-DMSO,Sc-b1b2,C12.fcs,C12,Experiment,None,,single cell,BL1-H,SSC-A,30000,160,187.500,41.733,41.733,3708,128914,1120,123276,963,109598,8550.32,38316.18,230.60,29.72,564.87,38416.39,50.43,31.16
d032523-DCFCA-R6,DCFCA-DMSO,Sc-b1b2,D11.fcs,D11,Experiment,None,N/A,All Events,N/A,N/A,75205,154,488.344,100.000,100.000,N/A,N/A,N/A,N/A,N/A,N/A,N/A,N/A,N/A,N/A,N/A,N/A,N/A,N/A
d032523-DCFCA-R6,DCFCA-DMSO,Sc-b1b2,D11.fcs,D11,Experiment,None,,cell,FSC-H,SSC-H,53637,154,348.292,71.321,71.321,521012,148497,498688,139457,472034,125940,155339.18,51983.04,29.81,35.01,147067.99,47744.17,29.49,34.24
d032523-DCFCA-R6,DCFCA-DMSO,Sc-b1b2,D11.fcs,D11,Experiment,None,,High_ROS,BL1-H,,28045,154,182.110,37.291,93.483,36231,N/A,37867,N/A,45513,N/A,21156.48,N/A,58.39,N/A,20354.62,N/A,53.75,N/A
d032523-DCFCA-R6,DCFCA-DMSO,Sc-b1b2,D11.fcs,D11,Experiment,None,,2000_gate,BL1-H,,26132,154,169.688,34.748,87.107,38781,N/A,39514,N/A,45513,N/A,19622.19,N/A,50.60,N/A,18164.07,N/A,45.97,N/A
d032523-DCFCA-R6,DCFCA-DMSO,Sc-b1b2,D11.fcs,D11,Experiment,None,,500_gate,BL1-H,,29671,154,192.669,39.453,98.903,34288,N/A,36434,N/A,45513,N/A,22095.44,N/A,64.44,N/A,22479.18,N/A,61.70,N/A
d032523-DCFCA-R6,DCFCA-DMSO,Sc-b1b2,D11.fcs,D11,Experiment,None,,single cell,BL1-H,,30000,154,194.805,39.891,39.891,33916,N/A,36166,N/A,45513,N/A,22255.76,N/A,65.62,N/A,22929.89,N/A,63.40,N/A
d032523-DCFCA-R6,DCFCA-DMSO,Sc-b1b2,D11.fcs,D11,Experiment,None,,single cell,FSC-H,FSC-W,30000,154,194.805,39.891,55.932,442006,86,442185,85,451645,86,91462.44,7.39,20.69,8.61,93804.84,7.41,21.21,8.72
d032523-DCFCA-R6,DCFCA-DMSO,Sc-b1b2,D11.fcs,D11,Experiment,None,,cell,FSC-H,FSC-W,53637,154,348.292,71.321,71.321,521012,103,498688,94,472034,86,155339.18,26.93,29.81,26.21,147067.99,19.27,29.49,20.50
d032523-DCFCA-R6,DCFCA-DMSO,Sc-b1b2,D11.fcs,D11,Experiment,None,,single cell,BL1-H,SSC-A,30000,154,194.805,39.891,39.891,33916,131018,36166,126384,45658,119781,22255.76,38329.75,65.62,29.26,22929.89,35556.45,63.40,28.13
d032523-DCFCA-R6,DCFCA-DMSO,Sc-b1b2,D11.fcs,D11,Experiment,None,,High ROS,BL1-H,SSC-A,28070,154,182.273,37.325,93.567,36200,132323,37841,127601,45658,119791,21173.16,38382.09,58.49,29.01,20393.16,35768.47,53.89,28.03
d032523-DCFCA-R6,DCFCA-DMSO,Sc-b1b2,D11.fcs,D11,Experiment,None,,single cell,BL1-H,SSC-A,30000,154,194.805,39.891,39.891,33916,131018,36166,126384,45658,119781,22255.76,38329.75,65.62,29.26,22929.89,35556.45,63.40,28.13
d032523-DCFCA-R6,DCFCA-DMSO,Sc-b1b2,D11.fcs,D11,Experiment,None,,single cell,BL1-H,SSC-A,30000,154,194.805,39.891,39.891,33916,131018,36166,126384,45658,119781,22255.76,38329.75,65.62,29.26,22929.89,35556.45,63.40,28.13
d032523-DCFCA-R6,DCFCA-DMSO,Sc-b1b2,D12.fcs,D12,Experiment,None,N/A,All Events,N/A,N/A,68358,141,484.809,100.000,100.000,N/A,N/A,N/A,N/A,N/A,N/A,N/A,N/A,N/A,N/A,N/A,N/A,N/A,N/A
d032523-DCFCA-R6,DCFCA-DMSO,Sc-b1b2,D12.fcs,D12,Experiment,None,,cell,FSC-H,SSC-H,54007,141,383.028,79.006,79.006,488828,145726,463412,136828,392107,103363,179870.50,56354.96,36.80,38.67,197172.45,55487.79,42.55,40.55
d032523-DCFCA-R6,DCFCA-DMSO,Sc-b1b2,D12.fcs,D12,Experiment,None,,High_ROS,BL1-H,,25175,141,178.546,36.828,83.917,18870,N/A,15878,N/A,30872,N/A,17146.31,N/A,90.86,N/A,20787.53,N/A,130.92,N/A
d032523-DCFCA-R6,DCFCA-DMSO,Sc-b1b2,D12.fcs,D12,Experiment,None,,2000_gate,BL1-H,,19142,141,135.759,28.003,63.807,24380,N/A,23960,N/A,30872,N/A,16122.47,N/A,66.13,N/A,18273.79,N/A,76.27,N/A
d032523-DCFCA-R6,DCFCA-DMSO,Sc-b1b2,D12.fcs,D12,Experiment,None,,500_gate,BL1-H,,29397,141,208.489,43.004,97.990,16273,N/A,9081,N/A,30872,N/A,17088.35,N/A,105.01,N/A,12218.11,N/A,134.55,N/A
d032523-DCFCA-R6,DCFCA-DMSO,Sc-b1b2,D12.fcs,D12,Experiment,None,,single cell,BL1-H,,30000,141,212.766,43.887,43.887,15953,N/A,8208,N/A,30872,N/A,17061.88,N/A,106.95,N/A,11054.27,N/A,134.68,N/A
d032523-DCFCA-R6,DCFCA-DMSO,Sc-b1b2,D12.fcs,D12,Experiment,None,,single cell,FSC-H,FSC-W,30000,141,212.766,43.887,55.548,418832,86,407053,84,392107,86,110163.47,8.17,26.30,9.52,118444.91,8.90,29.10,10.59
d032523-DCFCA-R6,DCFCA-DMSO,Sc-b1b2,D12.fcs,D12,Experiment,None,,cell,FSC-H,FSC-W,54007,141,383.028,79.006,79.006,488828,101,463412,92,392107,86,179870.50,27.01,36.80,26.84,197172.45,19.27,42.55,20.95
d032523-DCFCA-R6,DCFCA-DMSO,Sc-b1b2,D12.fcs,D12,Experiment,None,,single cell,BL1-H,SSC-A,30000,141,212.766,43.887,43.887,15953,130774,8208,124844,30448,101374,17061.88,40256.18,106.95,30.78,11054.27,40376.39,134.68,32.34
d032523-DCFCA-R6,DCFCA-DMSO,Sc-b1b2,D12.fcs,D12,Experiment,None,,High ROS,BL1-H,SSC-A,25251,141,179.085,36.939,84.170,18817,132927,15749,127221,30448,101374,17148.45,41102.68,91.14,30.92,20649.65,41659.58,131.12,32.75
d032523-DCFCA-R6,DCFCA-DMSO,Sc-b1b2,D12.fcs,D12,Experiment,None,,single cell,BL1-H,SSC-A,30000,141,212.766,43.887,43.887,15953,130774,8208,124844,30448,101374,17061.88,40256.18,106.95,30.78,11054.27,40376.39,134.68,32.34
d032523-DCFCA-R6,DCFCA-DMSO,Sc-b1b2,D12.fcs,D12,Experiment,None,,single cell,BL1-H,SSC-A,30000,141,212.766,43.887,43.887,15953,130774,8208,124844,30448,101374,17061.88,40256.18,106.95,30.78,11054.27,40376.39,134.68,32.34
d032523-DCFCA-R6,DCFCA-DMSO,Sc-b1b2,E11.fcs,E11,Experiment,None,N/A,All Events,N/A,N/A,76586,153,500.562,100.000,100.000,N/A,N/A,N/A,N/A,N/A,N/A,N/A,N/A,N/A,N/A,N/A,N/A,N/A,N/A
d032523-DCFCA-R6,DCFCA-DMSO,Sc-b1b2,E11.fcs,E11,Experiment,None,,cell,FSC-H,SSC-H,53790,153,351.569,70.235,70.235,521567,155827,499347,147219,476222,132183,154923.09,54326.80,29.70,34.86,145107.99,51178.61,29.06,34.76
d032523-DCFCA-R6,DCFCA-DMSO,Sc-b1b2,E11.fcs,E11,Experiment,None,,High_ROS,BL1-H,,29770,153,194.575,38.871,99.233,39255,N/A,38876,N/A,46624,N/A,19445.03,N/A,49.53,N/A,18865.34,N/A,48.53,N/A
d032523-DCFCA-R6,DCFCA-DMSO,Sc-b1b2,E11.fcs,E11,Experiment,None,,2000_gate,BL1-H,,29222,153,190.993,38.156,97.407,39964,N/A,39285,N/A,46624,N/A,18919.02,N/A,47.34,N/A,18407.22,N/A,46.86,N/A
d032523-DCFCA-R6,DCFCA-DMSO,Sc-b1b2,E11.fcs,E11,Experiment,None,,500_gate,BL1-H,,29974,153,195.908,39.138,99.913,38993,N/A,38718,N/A,46624,N/A,19635.16,N/A,50.35,N/A,19014.34,N/A,49.11,N/A
d032523-DCFCA-R6,DCFCA-DMSO,Sc-b1b2,E11.fcs,E11,Experiment,None,,single cell,BL1-H,,30000,153,196.078,39.172,39.172,38960,N/A,38703,N/A,46624,N/A,19659.49,N/A,50.46,N/A,19049.93,N/A,49.22,N/A
d032523-DCFCA-R6,DCFCA-DMSO,Sc-b1b2,E11.fcs,E11,Experiment,None,,single cell,FSC-H,FSC-W,30000,153,196.078,39.172,55.772,442152,86,443092,85,463891,86,91186.63,7.45,20.62,8.63,91738.10,7.41,20.70,8.72
d032523-DCFCA-R6,DCFCA-DMSO,Sc-b1b2,E11.fcs,E11,Experiment,None,,cell,FSC-H,FSC-W,53790,153,351.569,70.235,70.235,521567,103,499347,95,476222,86,154923.09,26.67,29.70,25.90,145107.99,19.27,29.06,20.29
d032523-DCFCA-R6,DCFCA-DMSO,Sc-b1b2,E11.fcs,E11,Experiment,None,,single cell,BL1-H,SSC-A,30000,153,196.078,39.172,39.172,38960,138676,38703,133261,46282,113647,19659.49,42514.78,50.46,30.66,19049.93,38463.09,49.22,28.86
d032523-DCFCA-R6,DCFCA-DMSO,Sc-b1b2,E11.fcs,E11,Experiment,None,,High ROS,BL1-H,SSC-A,29777,153,194.621,38.880,99.257,39246,138991,38872,133477,46282,132119,19451.59,42369.30,49.56,30.48,18867.57,38343.00,48.54,28.73
d032523-DCFCA-R6,DCFCA-DMSO,Sc-b1b2,E11.fcs,E11,Experiment,None,,single cell,BL1-H,SSC-A,30000,153,196.078,39.172,39.172,38960,138676,38703,133261,46282,113647,19659.49,42514.78,50.46,30.66,19049.93,38463.09,49.22,28.86
d032523-DCFCA-R6,DCFCA-DMSO,Sc-b1b2,E11.fcs,E11,Experiment,None,,single cell,BL1-H,SSC-A,30000,153,196.078,39.172,39.172,38960,138676,38703,133261,46282,113647,19659.49,42514.78,50.46,30.66,19049.93,38463.09,49.22,28.86
d032523-DCFCA-R6,DCFCA-DMSO,Sc-b1b2,E12.fcs,E12,Experiment,None,N/A,All Events,N/A,N/A,65597,132,496.947,100.000,100.000,N/A,N/A,N/A,N/A,N/A,N/A,N/A,N/A,N/A,N/A,N/A,N/A,N/A,N/A
d032523-DCFCA-R6,DCFCA-DMSO,Sc-b1b2,E12.fcs,E12,Experiment,None,,cell,FSC-H,SSC-H,52979,132,401.356,80.764,80.764,481338,147140,454294,137776,437271,101410,177271.42,56432.51,36.83,38.35,191796.55,56011.14,42.22,40.65
d032523-DCFCA-R6,DCFCA-DMSO,Sc-b1b2,E12.fcs,E12,Experiment,None,,High_ROS,BL1-H,,28818,132,218.318,43.932,96.060,32339,N/A,32486,N/A,38321,N/A,16114.47,N/A,49.83,N/A,14395.30,N/A,44.31,N/A
d032523-DCFCA-R6,DCFCA-DMSO,Sc-b1b2,E12.fcs,E12,Experiment,None,,2000_gate,BL1-H,,27650,132,209.470,42.151,92.167,33646,N/A,33187,N/A,38321,N/A,15116.22,N/A,44.93,N/A,13677.73,N/A,41.21,N/A
d032523-DCFCA-R6,DCFCA-DMSO,Sc-b1b2,E12.fcs,E12,Experiment,None,,500_gate,BL1-H,,29804,132,225.788,45.435,99.347,31295,N/A,31837,N/A,38321,N/A,16821.51,N/A,53.75,N/A,15086.94,N/A,47.39,N/A
d032523-DCFCA-R6,DCFCA-DMSO,Sc-b1b2,E12.fcs,E12,Experiment,None,,single cell,BL1-H,,30000,132,227.273,45.734,45.734,31093,N/A,31729,N/A,38321,N/A,16950.43,N/A,54.52,N/A,15230.75,N/A,48.00,N/A
d032523-DCFCA-R6,DCFCA-DMSO,Sc-b1b2,E12.fcs,E12,Experiment,None,,single cell,FSC-H,FSC-W,30000,132,227.273,45.734,56.626,415358,85,404279,84,437271,86,108103.00,8.02,26.03,9.38,116620.57,8.90,28.85,10.59
d032523-DCFCA-R6,DCFCA-DMSO,Sc-b1b2,E12.fcs,E12,Experiment,None,,cell,FSC-H,FSC-W,52979,132,401.356,80.764,80.764,481338,100,454294,91,437271,86,177271.42,26.24,36.83,26.37,191796.55,17.79,42.22,19.55
d032523-DCFCA-R6,DCFCA-DMSO,Sc-b1b2,E12.fcs,E12,Experiment,None,,single cell,BL1-H,SSC-A,30000,132,227.273,45.734,45.734,31093,133305,31729,126781,37257,103371,16950.43,41249.23,54.52,30.94,15230.75,41120.65,48.00,32.43
d032523-DCFCA-R6,DCFCA-DMSO,Sc-b1b2,E12.fcs,E12,Experiment,None,,High ROS,BL1-H,SSC-A,28833,132,218.432,43.955,96.110,32323,133564,32471,126984,37257,103398,16126.12,41455.76,49.89,31.04,14409.39,41346.75,44.38,32.56
d032523-DCFCA-R6,DCFCA-DMSO,Sc-b1b2,E12.fcs,E12,Experiment,None,,single cell,BL1-H,SSC-A,30000,132,227.273,45.734,45.734,31093,133305,31729,126781,37257,103371,16950.43,41249.23,54.52,30.94,15230.75,41120.65,48.00,32.43
d032523-DCFCA-R6,DCFCA-DMSO,Sc-b1b2,E12.fcs,E12,Experiment,None,,single cell,BL1-H,SSC-A,30000,132,227.273,45.734,45.734,31093,133305,31729,126781,37257,103371,16950.43,41249.23,54.52,30.94,15230.75,41120.65,48.00,32.43
d032523-DCFCA-R6,DCFCA-DMSO,Sc-b1b2,H11.fcs,H11,Experiment,None,N/A,All Events,N/A,N/A,92286,143,645.357,100.000,100.000,N/A,N/A,N/A,N/A,N/A,N/A,N/A,N/A,N/A,N/A,N/A,N/A,N/A,N/A
d032523-DCFCA-R6,DCFCA-DMSO,Sc-b1b2,H11.fcs,H11,Experiment,None,,cell,FSC-H,SSC-H,63886,143,446.755,69.226,69.226,570043,143938,557159,137090,527349,130027,171387.29,51181.63,30.07,35.56,181541.40,48295.69,32.58,35.23
d032523-DCFCA-R6,DCFCA-DMSO,Sc-b1b2,H11.fcs,H11,Experiment,None,,High_ROS,BL1-H,,5131,143,35.881,5.560,17.103,1668,N/A,1183,N/A,1036,N/A,3141.20,N/A,188.30,N/A,183.84,N/A,15.54,N/A
d032523-DCFCA-R6,DCFCA-DMSO,Sc-b1b2,H11.fcs,H11,Experiment,None,,2000_gate,BL1-H,,409,143,2.860,0.443,1.363,6801,N/A,3240,N/A,2112,N/A,9742.30,N/A,143.26,N/A,1605.66,N/A,49.56,N/A
d032523-DCFCA-R6,DCFCA-DMSO,Sc-b1b2,H11.fcs,H11,Experiment,None,,500_gate,BL1-H,,22708,143,158.797,24.606,75.693,937,N/A,781,N/A,655,N/A,1549.14,N/A,165.25,N/A,241.66,N/A,30.94,N/A
d032523-DCFCA-R6,DCFCA-DMSO,Sc-b1b2,H11.fcs,H11,Experiment,None,,single cell,BL1-H,,30000,143,209.790,32.508,32.508,802,N/A,685,N/A,655,N/A,1369.62,N/A,170.85,N/A,289.11,N/A,42.21,N/A
d032523-DCFCA-R6,DCFCA-DMSO,Sc-b1b2,H11.fcs,H11,Experiment,None,,single cell,FSC-H,FSC-W,30000,143,209.790,32.508,46.959,465420,87,470000,86,494577,86,107639.36,8.40,23.13,9.65,110119.37,8.90,23.43,10.34
d032523-DCFCA-R6,DCFCA-DMSO,Sc-b1b2,H11.fcs,H11,Experiment,None,,cell,FSC-H,FSC-W,63886,143,446.755,69.226,69.226,570043,109,557159,102,527349,86,171387.29,30.35,30.07,27.79,181541.40,26.69,32.58,26.16
d032523-DCFCA-R6,DCFCA-DMSO,Sc-b1b2,H11.fcs,H11,Experiment,None,,single cell,BL1-H,SSC-A,30000,143,209.790,32.508,32.508,802,121392,685,119095,651,123878,1369.62,37256.55,170.85,30.69,289.11,36584.64,42.21,30.72
d032523-DCFCA-R6,DCFCA-DMSO,Sc-b1b2,H11.fcs,H11,Experiment,None,,High ROS,BL1-H,SSC-A,5292,143,37.007,5.734,17.640,1648,145764,1175,141044,1004,127845,3095.16,41437.97,187.83,28.43,183.84,36209.54,15.65,25.67
d032523-DCFCA-R6,DCFCA-DMSO,Sc-b1b2,H11.fcs,H11,Experiment,None,,single cell,BL1-H,SSC-A,30000,143,209.790,32.508,32.508,802,121392,685,119095,651,123878,1369.62,37256.55,170.85,30.69,289.11,36584.64,42.21,30.72
d032523-DCFCA-R6,DCFCA-DMSO,Sc-b1b2,H11.fcs,H11,Experiment,None,,single cell,BL1-H,SSC-A,30000,143,209.790,32.508,32.508,802,121392,685,119095,651,123878,1369.62,37256.55,170.85,30.69,289.11,36584.64,42.21,30.72
d032523-DCFCA-R6,DCFCA-DMSO,Sc-b1b2,H12.fcs,H12,Experiment,None,N/A,All Events,N/A,N/A,81282,150,541.880,100.000,100.000,N/A,N/A,N/A,N/A,N/A,N/A,N/A,N/A,N/A,N/A,N/A,N/A,N/A,N/A
d032523-DCFCA-R6,DCFCA-DMSO,Sc-b1b2,H12.fcs,H12,Experiment,None,,cell,FSC-H,SSC-H,59663,150,397.753,73.402,73.402,528900,152082,505451,144478,445405,107559,184168.23,55736.49,34.82,36.65,204739.64,58021.55,40.51,40.16
d032523-DCFCA-R6,DCFCA-DMSO,Sc-b1b2,H12.fcs,H12,Experiment,None,,High_ROS,BL1-H,,23701,150,158.007,29.159,79.003,2801,N/A,1889,N/A,1070,N/A,2854.36,N/A,101.90,N/A,911.80,N/A,48.27,N/A
d032523-DCFCA-R6,DCFCA-DMSO,Sc-b1b2,H12.fcs,H12,Experiment,None,,2000_gate,BL1-H,,10919,150,72.793,13.433,36.397,4391,N/A,3078,N/A,2018,N/A,3592.99,N/A,81.83,N/A,1248.35,N/A,40.56,N/A
d032523-DCFCA-R6,DCFCA-DMSO,Sc-b1b2,H12.fcs,H12,Experiment,None,,500_gate,BL1-H,,29369,150,195.793,36.132,97.897,2414,N/A,1618,N/A,1070,N/A,2684.29,N/A,111.20,N/A,922.18,N/A,56.99,N/A
d032523-DCFCA-R6,DCFCA-DMSO,Sc-b1b2,H12.fcs,H12,Experiment,None,,single cell,BL1-H,,30000,150,200.000,36.909,36.909,2372,N/A,1592,N/A,1070,N/A,2671.54,N/A,112.65,N/A,925.14,N/A,58.11,N/A
d032523-DCFCA-R6,DCFCA-DMSO,Sc-b1b2,H12.fcs,H12,Experiment,None,,single cell,FSC-H,FSC-W,30000,150,200.000,36.909,50.282,432230,85,425365,84,435198,86,106275.89,7.97,24.59,9.34,109199.42,7.41,25.67,8.82
d032523-DCFCA-R6,DCFCA-DMSO,Sc-b1b2,H12.fcs,H12,Experiment,None,,cell,FSC-H,FSC-W,59663,150,397.753,73.402,73.402,528900,105,505451,95,445405,86,184168.23,28.88,34.82,27.61,204739.64,23.72,40.51,24.97
d032523-DCFCA-R6,DCFCA-DMSO,Sc-b1b2,H12.fcs,H12,Experiment,None,,single cell,BL1-H,SSC-A,30000,150,200.000,36.909,36.909,2372,129741,1592,124222,1298,101366,2671.54,38159.11,112.65,29.41,925.14,38061.31,58.11,30.64
d032523-DCFCA-R6,DCFCA-DMSO,Sc-b1b2,H12.fcs,H12,Experiment,None,,High ROS,BL1-H,SSC-A,23810,150,158.733,29.293,79.367,2793,134329,1883,129455,1298,123867,2850.41,38657.01,102.06,28.78,913.28,38887.11,48.50,30.04
d032523-DCFCA-R6,DCFCA-DMSO,Sc-b1b2,H12.fcs,H12,Experiment,None,,single cell,BL1-H,SSC-A,30000,150,200.000,36.909,36.909,2372,129741,1592,124222,1298,101366,2671.54,38159.11,112.65,29.41,925.14,38061.31,58.11,30.64
d032523-DCFCA-R6,DCFCA-DMSO,Sc-b1b2,H12.fcs,H12,Experiment,None,,single cell,BL1-H,SSC-A,30000,150,200.000,36.909,36.909,2372,129741,1592,124222,1298,101366,2671.54,38159.11,112.65,29.41,925.14,38061.31,58.11,30.64
