Plate,Experiment,Group,Filename,Sample,Workspace,Compensation Source,Plot Title,Gate,X Parameter,Y Parameter,Count,Volume,Concentration,%Total,%Gated,X Mean,Y Mean,X Median,Y Median,X Peak,Y Peak,X SD,Y SD,X %CV,Y %CV,X rSD,Y rSD,X %rCV
d032723-DCFCA-R8,DCFCA-DMSO,Cg-b1b2,A5.fcs,A5,Experiment,None,,High_ROS,BL1-H,,5963,59,101.068,9.225,19.877,1265,N/A,1182,N/A,1013,N/A,661.36,N/A,52.27,N/A,176.43,N/A,14.93
d032723-DCFCA-R8,DCFCA-DMSO,Cg-b1b2,A6.fcs,A6,Experiment,None,,High_ROS,BL1-H,,5889,58,101.534,9.077,19.63,1267,N/A,1180,N/A,1012,N/A,531.16,N/A,41.92,N/A,173.46,N/A,14.7
d032723-DCFCA-R8,DCFCA-DMSO,Cg-b1b2,B5.fcs,B5,Experiment,None,,High_ROS,BL1-H,,4132,61,67.738,6.397,13.773,1286,N/A,1157,N/A,1013,N/A,1406.33,N/A,109.37,N/A,158.64,N/A,13.71
d032723-DCFCA-R8,DCFCA-DMSO,Cg-b1b2,B6.fcs,B6,Experiment,None,,High_ROS,BL1-H,,4012,60,66.867,6.362,13.373,1257,N/A,1154,N/A,1012,N/A,681.16,N/A,54.19,N/A,151.23,N/A,13.1
d032723-DCFCA-R8,DCFCA-DMSO,Cg-b1b2,C5.fcs,C5,Experiment,None,,High_ROS,BL1-H,,5331,53,100.585,8.112,17.77,1276,N/A,1170,N/A,1012,N/A,848.45,N/A,66.51,N/A,164.57,N/A,14.07
d032723-DCFCA-R8,DCFCA-DMSO,Cg-b1b2,C6.fcs,C6,Experiment,None,,High_ROS,BL1-H,,5378,58,92.724,8.584,17.927,1276,N/A,1165,N/A,1035,N/A,883.58,N/A,69.23,N/A,160.12,N/A,13.74
d032723-DCFCA-R8,DCFCA-DMSO,Cg-b1b2,D5.fcs,D5,Experiment,None,,High_ROS,BL1-H,,6841,57,120.018,10.283,22.803,1334,N/A,1183,N/A,1048,N/A,1263.63,N/A,94.73,N/A,183.84,N/A,15.54
d032723-DCFCA-R8,DCFCA-DMSO,Cg-b1b2,D6.fcs,D6,Experiment,None,,High_ROS,BL1-H,,6711,49,136.959,10.305,22.37,1305,N/A,1184,N/A,1035,N/A,1740.95,N/A,133.39,N/A,174.95,N/A,14.78
d032723-DCFCA-R8,DCFCA-DMSO,Cg-b1b2,E5.fcs,E5,Experiment,None,,High_ROS,BL1-H,,8514,82,103.829,14.307,28.38,1337,N/A,1202,N/A,1013,N/A,1904.14,N/A,142.41,N/A,195.7,N/A,16.28
d032723-DCFCA-R8,DCFCA-DMSO,Cg-b1b2,E6.fcs,E6,Experiment,None,,High_ROS,BL1-H,,8690,79,110,14.537,28.967,1312,N/A,1205,N/A,1012,N/A,1294.04,N/A,98.66,N/A,195.7,N/A,16.24
d032723-DCFCA-R8,DCFCA-DMSO,Cg-b1b2,F5.fcs,F5,Experiment,None,,High_ROS,BL1-H,,7398,85,87.035,11.08,24.66,1303,N/A,1194,N/A,1012,N/A,1354.71,N/A,103.94,N/A,189.77,N/A,15.89
d032723-DCFCA-R8,DCFCA-DMSO,Cg-b1b2,F6.fcs,F6,Experiment,None,,High_ROS,BL1-H,,7704,79,97.519,12.851,25.68,1326,N/A,1202,N/A,1035,N/A,1385.42,N/A,104.48,N/A,195.7,N/A,16.28
d032723-DCFCA-R8,DCFCA-DMSO,Cg-b1b2,G5.fcs,G5,Experiment,None,,High_ROS,BL1-H,,11300,86,131.395,18.525,37.667,18240,N/A,8745,N/A,1048,N/A,21618.9,N/A,118.52,N/A,11220.32,N/A,128.31
d032723-DCFCA-R8,DCFCA-DMSO,Cg-b1b2,G6.fcs,G6,Experiment,None,,High_ROS,BL1-H,,9250,69,134.058,16.756,30.833,16236,N/A,8128,N/A,1035,N/A,18456.84,N/A,113.68,N/A,10354.48,N/A,127.39
d032723-DCFCA-R8,DCFCA-DMSO,Cg-b1b2,H5.fcs,H5,Experiment,None,,High_ROS,BL1-H,,3416,51,66.98,5.445,11.387,1324,N/A,1154,N/A,1024,N/A,1506.22,N/A,113.76,N/A,149.74,N/A,12.98
d032723-DCFCA-R8,DCFCA-DMSO,Cg-b1b2,H6.fcs,H6,Experiment,None,,High_ROS,BL1-H,,3780,51,74.118,5.79,12.6,1260,N/A,1154,N/A,1013,N/A,803.25,N/A,63.72,N/A,148.26,N/A,12.85
d032723-DCFCA-R8,DCFCA-DMSO,Cg-b1b2,A3.fcs,A3,Experiment,None,,High_ROS,BL1-H,,7108,103,69.01,6.302,23.693,1309,N/A,1190,N/A,1012,N/A,1028.95,N/A,78.62,N/A,180.88,N/A,15.2
d032723-DCFCA-R8,DCFCA-DMSO,Cg-b1b2,A4.fcs,A4,Experiment,None,,High_ROS,BL1-H,,4288,78,54.974,4.868,14.293,1389,N/A,1171,N/A,1013,N/A,3973.7,N/A,286.16,N/A,171.98,N/A,14.69
d032723-DCFCA-R8,DCFCA-DMSO,Cg-b1b2,B3.fcs,B3,Experiment,None,,High_ROS,BL1-H,,13891,75,185.213,13.169,46.303,1392,N/A,1267,N/A,1035,N/A,1586.91,N/A,114.01,N/A,246.11,N/A,19.42
d032723-DCFCA-R8,DCFCA-DMSO,Cg-b1b2,B4.fcs,B4,Experiment,None,,High_ROS,BL1-H,,13603,68,200.044,13.96,45.343,1388,N/A,1268,N/A,1036,N/A,2132.57,N/A,153.63,N/A,244.63,N/A,19.29
d032723-DCFCA-R8,DCFCA-DMSO,Cg-b1b2,C3.fcs,C3,Experiment,None,,High_ROS,BL1-H,,14729,78,188.833,14.767,49.097,1458,N/A,1279,N/A,1013,N/A,3506.71,N/A,240.55,N/A,255.01,N/A,19.94
d032723-DCFCA-R8,DCFCA-DMSO,Cg-b1b2,C4.fcs,C4,Experiment,None,,High_ROS,BL1-H,,14455,78,185.321,13.369,48.183,1459,N/A,1281,N/A,1024,N/A,3584.78,N/A,245.64,N/A,255.01,N/A,19.91
d032723-DCFCA-R8,DCFCA-DMSO,Cg-b1b2,D3.fcs,D3,Experiment,None,,High_ROS,BL1-H,,15274,76,200.974,15.566,50.913,1445,N/A,1292,N/A,1013,N/A,2455.67,N/A,169.9,N/A,265.39,N/A,20.54
d032723-DCFCA-R8,DCFCA-DMSO,Cg-b1b2,D4.fcs,D4,Experiment,None,,High_ROS,BL1-H,,15127,74,204.419,14.742,50.423,1473,N/A,1290,N/A,1012,N/A,2985.44,N/A,202.65,N/A,263.9,N/A,20.46
d032723-DCFCA-R8,DCFCA-DMSO,Cg-b1b2,E3.fcs,E3,Experiment,None,,High_ROS,BL1-H,,17256,119,145.008,18.959,57.52,1534,N/A,1338,N/A,1012,N/A,3806.19,N/A,248.06,N/A,306.16,N/A,22.89
d032723-DCFCA-R8,DCFCA-DMSO,Cg-b1b2,E4.fcs,E4,Experiment,None,,High_ROS,BL1-H,,17286,86,201,19.856,57.62,1481,N/A,1339,N/A,1059,N/A,1981.55,N/A,133.83,N/A,303.93,N/A,22.7
d032723-DCFCA-R8,DCFCA-DMSO,Cg-b1b2,F3.fcs,F3,Experiment,None,,High_ROS,BL1-H,,16492,126,130.889,17.878,54.973,1584,N/A,1324,N/A,1048,N/A,3737.98,N/A,235.94,N/A,295.04,N/A,22.28
d032723-DCFCA-R8,DCFCA-DMSO,Cg-b1b2,F4.fcs,F4,Experiment,None,,High_ROS,BL1-H,,13836,39,354.769,13.997,46.12,1451,N/A,1287,N/A,1035,N/A,2178.73,N/A,150.16,N/A,269.09,N/A,20.92
d032723-DCFCA-R8,DCFCA-DMSO,Cg-b1b2,G3.fcs,G3,Experiment,None,,High_ROS,BL1-H,,27094,53,511.208,32.367,90.313,47528,N/A,30065,N/A,83281,N/A,51027.53,N/A,107.36,N/A,39059.1,N/A,129.92
d032723-DCFCA-R8,DCFCA-DMSO,Cg-b1b2,G4.fcs,G4,Experiment,None,,High_ROS,BL1-H,,26922,56,480.75,32.193,89.74,49024,N/A,28995,N/A,79196,N/A,54581.13,N/A,111.33,N/A,38641.74,N/A,133.27
d032723-DCFCA-R8,DCFCA-DMSO,Cg-b1b2,H3.fcs,H3,Experiment,None,,High_ROS,BL1-H,,4352,70,62.171,4.652,14.507,1615,N/A,1170,N/A,1012,N/A,5648.08,N/A,349.74,N/A,169.02,N/A,14.45
d032723-DCFCA-R8,DCFCA-DMSO,Cg-b1b2,H4.fcs,H4,Experiment,None,,High_ROS,BL1-H,,3773,51,73.98,3.397,12.577,1442,N/A,1152,N/A,1036,N/A,3662.56,N/A,254.02,N/A,149.74,N/A,13
d032723-DCFCA-R8,DCFCA-DMSO,Sc-b1b2,A11.fcs,A11,Experiment,None,,High_ROS,BL1-H,,8806,139,63.353,8.516,29.353,1320,N/A,1212,N/A,1035,N/A,831.74,N/A,63,N/A,203.12,N/A,16.76
d032723-DCFCA-R8,DCFCA-DMSO,Sc-b1b2,A12.fcs,A12,Experiment,None,,High_ROS,BL1-H,,6439,198,32.52,5.528,21.463,1403,N/A,1178,N/A,1012,N/A,2382.75,N/A,169.87,N/A,173.46,N/A,14.73
d032723-DCFCA-R8,DCFCA-DMSO,Sc-b1b2,B11.fcs,B11,Experiment,None,,High_ROS,BL1-H,,7655,162,47.253,6.876,25.517,1512,N/A,1192,N/A,1036,N/A,2999.59,N/A,198.41,N/A,180.88,N/A,15.17
d032723-DCFCA-R8,DCFCA-DMSO,Sc-b1b2,B12.fcs,B12,Experiment,None,,High_ROS,BL1-H,,7879,300,26.263,5.946,27.312,1679,N/A,1186,N/A,1013,N/A,5336.85,N/A,317.86,N/A,179.39,N/A,15.13
d032723-DCFCA-R8,DCFCA-DMSO,Sc-b1b2,C11.fcs,C11,Experiment,None,,High_ROS,BL1-H,,9521,205,46.444,9.118,31.737,1509,N/A,1201,N/A,1036,N/A,4071.45,N/A,269.78,N/A,192.74,N/A,16.05
d032723-DCFCA-R8,DCFCA-DMSO,Sc-b1b2,C12.fcs,C12,Experiment,None,,High_ROS,BL1-H,,9089,267,34.041,8.081,30.297,2873,N/A,1237,N/A,1012,N/A,6344.01,N/A,220.83,N/A,244.63,N/A,19.78
d032723-DCFCA-R8,DCFCA-DMSO,Sc-b1b2,D11.fcs,D11,Experiment,None,,High_ROS,BL1-H,,9992,203,49.222,9.989,33.307,2947,N/A,1243,N/A,1013,N/A,7194.66,N/A,244.12,N/A,252.04,N/A,20.28
d032723-DCFCA-R8,DCFCA-DMSO,Sc-b1b2,D12.fcs,D12,Experiment,None,,High_ROS,BL1-H,,12301,277,44.408,11.556,41.003,8656,N/A,1469,N/A,1082,N/A,13309.04,N/A,153.76,N/A,606.38,N/A,41.28
d032723-DCFCA-R8,DCFCA-DMSO,Sc-b1b2,E11.fcs,E11,Experiment,None,,High_ROS,BL1-H,,20021,182,110.005,23.168,66.737,26091,N/A,26856,N/A,39305,N/A,20163.68,N/A,77.28,N/A,25693.46,N/A,95.67
d032723-DCFCA-R8,DCFCA-DMSO,Sc-b1b2,E12.fcs,E12,Experiment,None,,High_ROS,BL1-H,,23981,262,91.531,22.691,79.937,30609,N/A,31258,N/A,39267,N/A,19947.53,N/A,65.17,N/A,21066.26,N/A,67.39
d032723-DCFCA-R8,DCFCA-DMSO,Sc-b1b2,H11.fcs,H11,Experiment,None,,High_ROS,BL1-H,,7871,300,26.237,4.927,39.977,1826,N/A,1263,N/A,1013,N/A,5322.05,N/A,291.43,N/A,247.59,N/A,19.6
d032723-DCFCA-R8,DCFCA-DMSO,Sc-b1b2,H12.fcs,H12,Experiment,None,,High_ROS,BL1-H,,2551,300,8.503,3.098,31.65,2146,N/A,1228,N/A,1025,N/A,6982.31,N/A,325.33,N/A,231.29,N/A,18.83
d032723-DCFCA-R8,DCFCA-DMSO,Sc-b1b2,A9.fcs,A9,Experiment,None,,High_ROS,BL1-H,,12856,223,57.65,7.547,42.853,1464,N/A,1269,N/A,1047,N/A,1990.95,N/A,136,N/A,250.56,N/A,19.74
d032723-DCFCA-R8,DCFCA-DMSO,Sc-b1b2,A10.fcs,A10,Experiment,None,,High_ROS,BL1-H,,8279,300,27.597,5.323,34.592,1563,N/A,1236,N/A,1012,N/A,2867.25,N/A,183.42,N/A,228.32,N/A,18.47
d032723-DCFCA-R8,DCFCA-DMSO,Sc-b1b2,B9.fcs,B9,Experiment,None,,High_ROS,BL1-H,,14372,300,47.907,7.136,64.284,2290,N/A,1371,N/A,1105,N/A,10597.8,N/A,462.81,N/A,335.07,N/A,24.44
d032723-DCFCA-R8,DCFCA-DMSO,Sc-b1b2,B10.fcs,B10,Experiment,None,,High_ROS,BL1-H,,6982,300,23.273,5.392,67.245,2177,N/A,1383,N/A,1048,N/A,8959.75,N/A,411.58,N/A,335.07,N/A,24.23
d032723-DCFCA-R8,DCFCA-DMSO,Sc-b1b2,C9.fcs,C9,Experiment,None,,High_ROS,BL1-H,,18932,300,63.107,13.311,69.457,2697,N/A,1425,N/A,1070,N/A,8677.67,N/A,321.73,N/A,378.06,N/A,26.53
d032723-DCFCA-R8,DCFCA-DMSO,Sc-b1b2,C10.fcs,C10,Experiment,None,,High_ROS,BL1-H,,12418,300,41.393,12.817,72.97,8932,N/A,1541,N/A,1130,N/A,20143.6,N/A,225.51,N/A,550.79,N/A,35.74
d032723-DCFCA-R8,DCFCA-DMSO,Sc-b1b2,D9.fcs,D9,Experiment,None,,High_ROS,BL1-H,,21674,281,77.132,14.97,72.247,8634,N/A,1530,N/A,1164,N/A,19072.26,N/A,220.9,N/A,538.93,N/A,35.24
d032723-DCFCA-R8,DCFCA-DMSO,Sc-b1b2,D10.fcs,D10,Experiment,None,,High_ROS,BL1-H,,14607,300,48.69,15.781,79.876,27832,N/A,2823,N/A,1070,N/A,38251.56,N/A,137.44,N/A,2647.92,N/A,93.8
d032723-DCFCA-R8,DCFCA-DMSO,Sc-b1b2,E9.fcs,E9,Experiment,None,,High_ROS,BL1-H,,23737,300,79.123,18.912,90.651,84546,N/A,71013,N/A,87654,N/A,78441.26,N/A,92.78,N/A,72270.82,N/A,101.77
d032723-DCFCA-R8,DCFCA-DMSO,Sc-b1b2,E10.fcs,E10,Experiment,None,,High_ROS,BL1-H,,18949,300,63.163,20.48,94.495,144124,N/A,127171,N/A,155581,N/A,108680.64,N/A,75.41,N/A,98555.83,N/A,77.5
d032723-DCFCA-R8,DCFCA-DMSO,Sc-b1b2,H9.fcs,H9,Experiment,None,,High_ROS,BL1-H,,8820,300,29.4,4.723,39.9,2199,N/A,1261,N/A,1013,N/A,8328.24,N/A,378.71,N/A,259.45,N/A,20.58
d032723-DCFCA-R8,DCFCA-DMSO,Sc-b1b2,H10.fcs,H10,Experiment,None,,High_ROS,BL1-H,,4547,300,15.157,3.391,32.244,2733,N/A,1227,N/A,1048,N/A,14228.1,N/A,520.67,N/A,217.94,N/A,17.76
d032623-DCFCA-R7,DCFCA-DMSO,Sc-b1b2,A11.fcs,A11,Experiment,None,,High_ROS,BL1-H,,5552,175,31.726,5.611,18.507,1689,N/A,1215,N/A,1012,N/A,2281.68,N/A,135.08,N/A,232.77,N/A,19.16
d032623-DCFCA-R7,DCFCA-DMSO,Sc-b1b2,A12.fcs,A12,Experiment,None,,High_ROS,BL1-H,,5060,152,33.289,5.415,16.867,1502,N/A,1181,N/A,1013,N/A,2883.8,N/A,191.99,N/A,182.36,N/A,15.44
d032623-DCFCA-R7,DCFCA-DMSO,Sc-b1b2,B11.fcs,B11,Experiment,None,,High_ROS,BL1-H,,5565,218,25.528,5.099,18.55,2938,N/A,1165,N/A,1012,N/A,9162.25,N/A,311.81,N/A,161.6,N/A,13.87
d032623-DCFCA-R7,DCFCA-DMSO,Sc-b1b2,B12.fcs,B12,Experiment,None,,High_ROS,BL1-H,,5134,201,25.542,4.69,17.113,2546,N/A,1156,N/A,1013,N/A,7493.83,N/A,294.29,N/A,152.71,N/A,13.21
d032623-DCFCA-R7,DCFCA-DMSO,Sc-b1b2,C11.fcs,C11,Experiment,None,,High_ROS,BL1-H,,12402,240,51.675,13.357,41.34,3625,N/A,1284,N/A,1035,N/A,8537.05,N/A,235.49,N/A,287.62,N/A,22.4
d032623-DCFCA-R7,DCFCA-DMSO,Sc-b1b2,C12.fcs,C12,Experiment,None,,High_ROS,BL1-H,,10649,196,54.332,11.939,35.497,3630,N/A,1255,N/A,1013,N/A,8536.39,N/A,235.14,N/A,265.39,N/A,21.15
d032623-DCFCA-R7,DCFCA-DMSO,Sc-b1b2,D11.fcs,D11,Experiment,None,,High_ROS,BL1-H,,15801,214,73.836,18.214,52.67,15518,N/A,3876,N/A,1012,N/A,18677.85,N/A,120.36,N/A,4209.1,N/A,108.59
d032623-DCFCA-R7,DCFCA-DMSO,Sc-b1b2,D12.fcs,D12,Experiment,None,,High_ROS,BL1-H,,15889,176,90.278,19.449,52.963,15968,N/A,5062,N/A,1013,N/A,18388.18,N/A,115.16,N/A,5961.53,N/A,117.77
d032623-DCFCA-R7,DCFCA-DMSO,Sc-b1b2,E11.fcs,E11,Experiment,None,,High_ROS,BL1-H,,22197,219,101.356,23.399,73.99,30013,N/A,30470,N/A,41292,N/A,21395.53,N/A,71.29,N/A,25656.39,N/A,84.2
d032623-DCFCA-R7,DCFCA-DMSO,Sc-b1b2,E12.fcs,E12,Experiment,None,,High_ROS,BL1-H,,22265,179,124.385,27.174,74.217,33427,N/A,34088,N/A,43339,N/A,22449.52,N/A,67.16,N/A,24421.39,N/A,71.64
d032623-DCFCA-R7,DCFCA-DMSO,Sc-b1b2,H11.fcs,H11,Experiment,None,,High_ROS,BL1-H,,4526,172,26.314,4.631,15.087,2536,N/A,1185,N/A,1012,N/A,5762.4,N/A,227.24,N/A,189.77,N/A,16.01
d032623-DCFCA-R7,DCFCA-DMSO,Sc-b1b2,H12.fcs,H12,Experiment,None,,High_ROS,BL1-H,,3715,153,24.281,4.029,12.383,2442,N/A,1186,N/A,1012,N/A,5412.73,N/A,221.66,N/A,194.22,N/A,16.38
d032623-DCFCA-R7,DCFCA-DMSO,Cg-b1b2,A5.fcs,A5,Experiment,None,,High_ROS,BL1-H,,5389,88,61.239,8.383,17.963,1284,N/A,1187,N/A,1036,N/A,693.29,N/A,54.01,N/A,180.88,N/A,15.24
d032623-DCFCA-R7,DCFCA-DMSO,Cg-b1b2,A6.fcs,A6,Experiment,None,,High_ROS,BL1-H,,6451,69,93.493,9.429,21.503,1279,N/A,1190,N/A,1012,N/A,444.97,N/A,34.8,N/A,186.81,N/A,15.7
d032623-DCFCA-R7,DCFCA-DMSO,Cg-b1b2,B5.fcs,B5,Experiment,None,,High_ROS,BL1-H,,3145,59,53.305,4.672,10.483,1550,N/A,1163,N/A,1013,N/A,2076.71,N/A,134.01,N/A,166.05,N/A,14.28
d032623-DCFCA-R7,DCFCA-DMSO,Cg-b1b2,B6.fcs,B6,Experiment,None,,High_ROS,BL1-H,,3792,63,60.19,5.849,12.64,1768,N/A,1178,N/A,1013,N/A,2005.57,N/A,113.45,N/A,188.29,N/A,15.98
d032623-DCFCA-R7,DCFCA-DMSO,Cg-b1b2,C5.fcs,C5,Experiment,None,,High_ROS,BL1-H,,5131,62,82.758,7.78,17.103,1300,N/A,1181,N/A,1013,N/A,1587.62,N/A,122.11,N/A,174.95,N/A,14.81
d032623-DCFCA-R7,DCFCA-DMSO,Cg-b1b2,C6.fcs,C6,Experiment,None,,High_ROS,BL1-H,,5701,69,82.623,8.8,19.003,1281,N/A,1182,N/A,1012,N/A,734.12,N/A,57.3,N/A,180.88,N/A,15.3
d032623-DCFCA-R7,DCFCA-DMSO,Cg-b1b2,D5.fcs,D5,Experiment,None,,High_ROS,BL1-H,,8148,74,110.108,11.899,27.16,1576,N/A,1210,N/A,1035,N/A,2228.8,N/A,141.4,N/A,206.82,N/A,17.1
d032623-DCFCA-R7,DCFCA-DMSO,Cg-b1b2,D6.fcs,D6,Experiment,None,,High_ROS,BL1-H,,8821,77,114.558,12.827,29.403,1689,N/A,1222,N/A,1012,N/A,1966.92,N/A,116.45,N/A,217.94,N/A,17.83
d032623-DCFCA-R7,DCFCA-DMSO,Cg-b1b2,E5.fcs,E5,Experiment,None,,High_ROS,BL1-H,,7315,83,88.133,11.715,24.383,1298,N/A,1196,N/A,1035,N/A,570.61,N/A,43.97,N/A,192.74,N/A,16.12
d032623-DCFCA-R7,DCFCA-DMSO,Cg-b1b2,E6.fcs,E6,Experiment,None,,High_ROS,BL1-H,,7692,87,88.414,12.682,25.64,1320,N/A,1198,N/A,1012,N/A,674.38,N/A,51.1,N/A,196.44,N/A,16.4
d032623-DCFCA-R7,DCFCA-DMSO,Cg-b1b2,F5.fcs,F5,Experiment,None,,High_ROS,BL1-H,,4740,80,59.25,7.891,15.8,1447,N/A,1187,N/A,1012,N/A,1939.49,N/A,134.08,N/A,182.36,N/A,15.36
d032623-DCFCA-R7,DCFCA-DMSO,Cg-b1b2,F6.fcs,F6,Experiment,None,,High_ROS,BL1-H,,5792,91,63.648,9.857,19.307,1355,N/A,1193,N/A,1012,N/A,1167.86,N/A,86.16,N/A,191.26,N/A,16.03
d032623-DCFCA-R7,DCFCA-DMSO,Cg-b1b2,G5.fcs,G5,Experiment,None,,High_ROS,BL1-H,,11534,91,126.747,19.425,38.447,25781,N/A,18459,N/A,49010,N/A,25499.96,N/A,98.91,N/A,23877.27,N/A,129.35
d032623-DCFCA-R7,DCFCA-DMSO,Cg-b1b2,G6.fcs,G6,Experiment,None,,High_ROS,BL1-H,,10383,99,104.879,17.568,34.61,19543,N/A,8338,N/A,1012,N/A,23546,N/A,120.48,N/A,10720.68,N/A,128.58
d032623-DCFCA-R7,DCFCA-DMSO,Cg-b1b2,H5.fcs,H5,Experiment,None,,High_ROS,BL1-H,,2368,55,43.055,3.746,7.893,1297,N/A,1137,N/A,1012,N/A,2361.83,N/A,182.04,N/A,136.4,N/A,12
d032623-DCFCA-R7,DCFCA-DMSO,Cg-b1b2,H6.fcs,H6,Experiment,None,,High_ROS,BL1-H,,2527,60,42.117,4.245,8.423,1245,N/A,1136,N/A,1012,N/A,659.28,N/A,52.97,N/A,131.95,N/A,11.62
d032523-DCFCA-R6,DCFCA-DMSO,Cg-b1b2,A4.fcs,A4,Experiment,None,,High_ROS,BL1-H,,11768,40,294.2,16.992,39.227,1502,N/A,1330,N/A,1012,N/A,579.33,N/A,38.57,N/A,330.62,N/A,24.86
d032523-DCFCA-R6,DCFCA-DMSO,Cg-b1b2,B4.fcs,B4,Experiment,None,,High_ROS,BL1-H,,4686,47,99.702,6.465,15.62,1427,N/A,1239,N/A,1048,N/A,946.15,N/A,66.31,N/A,249.82,N/A,20.17
d032523-DCFCA-R6,DCFCA-DMSO,Cg-b1b2,C4.fcs,C4,Experiment,None,,High_ROS,BL1-H,,6122,75,81.627,7.085,20.407,1408,N/A,1229,N/A,1012,N/A,1392.2,N/A,98.86,N/A,235.73,N/A,19.18
d032523-DCFCA-R6,DCFCA-DMSO,Cg-b1b2,D4.fcs,D4,Experiment,None,,High_ROS,BL1-H,,8985,98,91.684,10.54,29.95,1408,N/A,1261,N/A,1013,N/A,1449.79,N/A,102.98,N/A,257.97,N/A,20.46
d032523-DCFCA-R6,DCFCA-DMSO,Cg-b1b2,E4.fcs,E4,Experiment,None,,High_ROS,BL1-H,,7460,66,113.03,10.873,24.867,1336,N/A,1213,N/A,1013,N/A,875.06,N/A,65.52,N/A,210.53,N/A,17.36
d032523-DCFCA-R6,DCFCA-DMSO,Cg-b1b2,F4.fcs,F4,Experiment,None,,High_ROS,BL1-H,,4774,65,73.446,7.601,15.913,1371,N/A,1186,N/A,1035,N/A,2060.19,N/A,150.22,N/A,191.26,N/A,16.13
d032523-DCFCA-R6,DCFCA-DMSO,Cg-b1b2,G4.fcs,G4,Experiment,None,,High_ROS,BL1-H,,9663,73,132.37,16.131,32.21,10674,N/A,4372,N/A,1012,N/A,14493.36,N/A,135.78,N/A,4714.67,N/A,107.84
d032523-DCFCA-R6,DCFCA-DMSO,Cg-b1b2,H4.fcs,H4,Experiment,None,,High_ROS,BL1-H,,2613,47,55.596,3.773,8.71,1339,N/A,1163,N/A,1025,N/A,907.15,N/A,67.74,N/A,161.6,N/A,13.9
d032523-DCFCA-R6,DCFCA-DMSO,Cg-b1b2,A6.fcs,A6,Experiment,None,,High_ROS,BL1-H,,7049,54,130.537,10.833,23.497,1344,N/A,1202,N/A,1011,N/A,3194.11,N/A,237.59,N/A,201.63,N/A,16.77
d032523-DCFCA-R6,DCFCA-DMSO,Cg-b1b2,B6.fcs,B6,Experiment,None,,High_ROS,BL1-H,,3024,65,46.523,4.777,10.08,1282,N/A,1167,N/A,1012,N/A,781.24,N/A,60.95,N/A,164.57,N/A,14.1
d032523-DCFCA-R6,DCFCA-DMSO,Cg-b1b2,C6.fcs,C6,Experiment,None,,High_ROS,BL1-H,,6080,88,69.091,8.834,20.267,1389,N/A,1201,N/A,1013,N/A,2499.69,N/A,179.93,N/A,200.15,N/A,16.67
d032523-DCFCA-R6,DCFCA-DMSO,Cg-b1b2,D6.fcs,D6,Experiment,None,,High_ROS,BL1-H,,10751,139,77.345,14.111,35.837,1388,N/A,1271,N/A,1048,N/A,942.27,N/A,67.86,N/A,260.94,N/A,20.53
d032523-DCFCA-R6,DCFCA-DMSO,Cg-b1b2,E6.fcs,E6,Experiment,None,,High_ROS,BL1-H,,7354,71,103.577,12.86,24.513,1317,N/A,1194,N/A,1012,N/A,923.21,N/A,70.1,N/A,192.74,N/A,16.14
d032523-DCFCA-R6,DCFCA-DMSO,Cg-b1b2,F6.fcs,F6,Experiment,None,,High_ROS,BL1-H,,4938,76,64.974,8.682,16.46,1363,N/A,1184,N/A,1013,N/A,1140.6,N/A,83.69,N/A,191.26,N/A,16.15
d032523-DCFCA-R6,DCFCA-DMSO,Cg-b1b2,G6.fcs,G6,Experiment,None,,High_ROS,BL1-H,,9086,108,84.13,17.891,30.287,10007,N/A,4119,N/A,1013,N/A,13152.06,N/A,131.43,N/A,4410.73,N/A,107.08
d032523-DCFCA-R6,DCFCA-DMSO,Cg-b1b2,H6.fcs,H6,Experiment,None,,High_ROS,BL1-H,,2368,55,43.055,3.653,7.893,1345,N/A,1160,N/A,1034,N/A,1316.73,N/A,97.93,N/A,166.05,N/A,14.31
d032523-DCFCA-R6,DCFCA-DMSO,Sc-b1b2,A11.fcs,A11,Experiment,None,,High_ROS,BL1-H,,5914,127,46.567,6.751,19.713,1766,N/A,1202,N/A,1013,N/A,2513.18,N/A,142.3,N/A,212.01,N/A,17.64
d032523-DCFCA-R6,DCFCA-DMSO,Sc-b1b2,A12.fcs,A12,Experiment,None,,High_ROS,BL1-H,,22482,132,170.318,31.308,74.94,2398,N/A,1770,N/A,1118,N/A,2118.57,N/A,88.36,N/A,769.47,N/A,43.47
d032523-DCFCA-R6,DCFCA-DMSO,Sc-b1b2,B11.fcs,B11,Experiment,None,,High_ROS,BL1-H,,6403,164,39.043,6.766,21.343,1526,N/A,1166,N/A,1035,N/A,6089.68,N/A,398.93,N/A,164.57,N/A,14.11
d032523-DCFCA-R6,DCFCA-DMSO,Sc-b1b2,B12.fcs,B12,Experiment,None,,High_ROS,BL1-H,,9376,150,62.507,12.747,31.253,1320,N/A,1215,N/A,1012,N/A,561.98,N/A,42.56,N/A,211.27,N/A,17.39
d032523-DCFCA-R6,DCFCA-DMSO,Sc-b1b2,C11.fcs,C11,Experiment,None,,High_ROS,BL1-H,,21317,157,135.777,26.546,71.057,19729,N/A,10051,N/A,44454,N/A,21421.35,N/A,108.58,N/A,13178.83,N/A,131.12
d032523-DCFCA-R6,DCFCA-DMSO,Sc-b1b2,C12.fcs,C12,Experiment,None,,High_ROS,BL1-H,,17602,160,110.013,24.486,58.673,5807,N/A,1530,N/A,1012,N/A,10673.31,N/A,183.8,N/A,604.9,N/A,39.54
d032523-DCFCA-R6,DCFCA-DMSO,Sc-b1b2,D11.fcs,D11,Experiment,None,,High_ROS,BL1-H,,28045,154,182.11,37.291,93.483,36231,N/A,37867,N/A,45513,N/A,21156.48,N/A,58.39,N/A,20354.62,N/A,53.75
d032523-DCFCA-R6,DCFCA-DMSO,Sc-b1b2,D12.fcs,D12,Experiment,None,,High_ROS,BL1-H,,25175,141,178.546,36.828,83.917,18870,N/A,15878,N/A,30872,N/A,17146.31,N/A,90.86,N/A,20787.53,N/A,130.92
d032523-DCFCA-R6,DCFCA-DMSO,Sc-b1b2,E11.fcs,E11,Experiment,None,,High_ROS,BL1-H,,29770,153,194.575,38.871,99.233,39255,N/A,38876,N/A,46624,N/A,19445.03,N/A,49.53,N/A,18865.34,N/A,48.53
d032523-DCFCA-R6,DCFCA-DMSO,Sc-b1b2,E12.fcs,E12,Experiment,None,,High_ROS,BL1-H,,28818,132,218.318,43.932,96.06,32339,N/A,32486,N/A,38321,N/A,16114.47,N/A,49.83,N/A,14395.3,N/A,44.31
d032523-DCFCA-R6,DCFCA-DMSO,Sc-b1b2,H11.fcs,H11,Experiment,None,,High_ROS,BL1-H,,5131,143,35.881,5.56,17.103,1668,N/A,1183,N/A,1036,N/A,3141.2,N/A,188.3,N/A,183.84,N/A,15.54
d032523-DCFCA-R6,DCFCA-DMSO,Sc-b1b2,H12.fcs,H12,Experiment,None,,High_ROS,BL1-H,,23701,150,158.007,29.159,79.003,2801,N/A,1889,N/A,1070,N/A,2854.36,N/A,101.9,N/A,911.8,N/A,48.27
d032423-DCFCA-R5,DCFCA-DMSO,Cg-b1b2,A4.fcs,A4,Experiment,None,,High_ROS,BL1-H,,10686,116,92.121,9.52,35.62,1316,N/A,1232,N/A,1047,N/A,341.58,N/A,25.96,N/A,222.39,N/A,18.05
d032423-DCFCA-R5,DCFCA-DMSO,Cg-b1b2,,B4,Experiment,None,,High_ROS,BL1-H,,3074,70,43.914,4.496,10.069,1227,N/A,1149,N/A,1012,N/A,538.87,N/A,43.91,N/A,144.55,N/A,12.59
d032423-DCFCA-R5,DCFCA-DMSO,Cg-b1b2,,C4,Experiment,None,,High_ROS,BL1-H,,5478,75,73.04,7.609,17.834,1261,N/A,1175,N/A,1013,N/A,491.9,N/A,39.02,N/A,170.5,N/A,14.51
d032423-DCFCA-R5,DCFCA-DMSO,Cg-b1b2,,D4,Experiment,None,,High_ROS,BL1-H,,8008,92,87.043,11.155,26.313,1294,N/A,1208,N/A,1013,N/A,597.72,N/A,46.2,N/A,200.15,N/A,16.57
d032423-DCFCA-R5,DCFCA-DMSO,Cg-b1b2,,E4,Experiment,None,,High_ROS,BL1-H,,8945,91,98.297,13.609,29.295,1303,N/A,1216,N/A,1013,N/A,681.68,N/A,52.33,N/A,204.6,N/A,16.83
d032423-DCFCA-R5,DCFCA-DMSO,Cg-b1b2,,F4,Experiment,None,,High_ROS,BL1-H,,8077,105,76.924,12.313,26.408,1584,N/A,1223,N/A,1012,N/A,4925.75,N/A,310.89,N/A,217.94,N/A,17.82
d032423-DCFCA-R5,DCFCA-DMSO,Cg-b1b2,,G4,Experiment,None,,High_ROS,BL1-H,,7072,113,62.584,11.308,23.3,9981,N/A,1602,N/A,1047,N/A,18700.02,N/A,187.36,N/A,811.72,N/A,50.69
d032423-DCFCA-R5,DCFCA-DMSO,Cg-b1b2,,H4,Experiment,None,,High_ROS,BL1-H,,2773,72,38.514,4.08,9.013,1261,N/A,1147,N/A,1013,N/A,1188.2,N/A,94.22,N/A,143.81,N/A,12.54
d032423-DCFCA-R5,DCFCA-DMSO,Cg-b1b2,,A6,Experiment,None,,High_ROS,BL1-H,,5305,47,112.872,7.908,17.235,1250,N/A,1171,N/A,1024,N/A,501.3,N/A,40.09,N/A,170.5,N/A,14.56
d032423-DCFCA-R5,DCFCA-DMSO,Cg-b1b2,,B6,Experiment,None,,High_ROS,BL1-H,,3786,50,75.72,5.526,12.136,1362,N/A,1165,N/A,1036,N/A,1816.42,N/A,133.38,N/A,161.6,N/A,13.87
d032423-DCFCA-R5,DCFCA-DMSO,Cg-b1b2,,C6,Experiment,None,,High_ROS,BL1-H,,7547,60,125.783,10.797,24.673,1329,N/A,1197,N/A,1037,N/A,1564.52,N/A,117.72,N/A,189.77,N/A,15.85
d032423-DCFCA-R5,DCFCA-DMSO,Cg-b1b2,,D6,Experiment,None,,High_ROS,BL1-H,,9043,66,137.015,13.423,29.681,1370,N/A,1213,N/A,1036,N/A,2593.5,N/A,189.26,N/A,204.6,N/A,16.87
d032423-DCFCA-R5,DCFCA-DMSO,Cg-b1b2,,E6,Experiment,None,,High_ROS,BL1-H,,8994,68,132.265,14.345,29.08,1304,N/A,1214,N/A,1048,N/A,735,N/A,56.35,N/A,204.6,N/A,16.85
d032423-DCFCA-R5,DCFCA-DMSO,Cg-b1b2,,F6,Experiment,None,,High_ROS,BL1-H,,6312,68,92.824,10.203,20.604,1321,N/A,1179,N/A,1012,N/A,2882.36,N/A,218.24,N/A,171.98,N/A,14.59
d032423-DCFCA-R5,DCFCA-DMSO,Cg-b1b2,,G6,Experiment,None,,High_ROS,BL1-H,,4371,70,62.443,7.604,14.307,7337,N/A,1581,N/A,1025,N/A,15504.72,N/A,211.33,N/A,785.78,N/A,49.7
d032423-DCFCA-R5,DCFCA-DMSO,Cg-b1b2,,H6,Experiment,None,,High_ROS,BL1-H,,2637,49,53.816,3.99,8.46,1237,N/A,1146,N/A,1034,N/A,761.23,N/A,61.54,N/A,140.85,N/A,12.29
d032423-DCFCA-R5,DCFCA-DMSO,Sc-b1b2,,A11,Experiment,None,,High_ROS,BL1-H,,5518,113,48.832,6.462,18.173,1503,N/A,1197,N/A,1012,N/A,1692.8,N/A,112.64,N/A,203.12,N/A,16.97
d032423-DCFCA-R5,DCFCA-DMSO,Sc-b1b2,,A12,Experiment,None,,High_ROS,BL1-H,,6197,140,44.264,6.957,20.416,1668,N/A,1238,N/A,1023,N/A,1759.42,N/A,105.47,N/A,262.42,N/A,21.2
d032423-DCFCA-R5,DCFCA-DMSO,Sc-b1b2,,B11,Experiment,None,,High_ROS,BL1-H,,5600,134,41.791,5.997,18.471,1790,N/A,1160,N/A,1013,N/A,8467.36,N/A,473.02,N/A,148.26,N/A,12.78
d032423-DCFCA-R5,DCFCA-DMSO,Sc-b1b2,,B12,Experiment,None,,High_ROS,BL1-H,,5022,178,28.213,5.08,16.637,1536,N/A,1155,N/A,1013,N/A,5460.06,N/A,355.49,N/A,148.26,N/A,12.84
d032423-DCFCA-R5,DCFCA-DMSO,Sc-b1b2,,C11,Experiment,None,,High_ROS,BL1-H,,14827,146,101.555,18.811,48.861,8242,N/A,1424,N/A,1013,N/A,16370.11,N/A,198.61,N/A,492.22,N/A,34.57
d032423-DCFCA-R5,DCFCA-DMSO,Sc-b1b2,,C12,Experiment,None,,High_ROS,BL1-H,,13467,177,76.085,15.74,44.596,10475,N/A,1637,N/A,1082,N/A,16195.53,N/A,154.61,N/A,868.8,N/A,53.07
d032423-DCFCA-R5,DCFCA-DMSO,Sc-b1b2,,D11,Experiment,None,,High_ROS,BL1-H,,19815,138,143.587,26.386,65.194,26043,N/A,17495,N/A,47828,N/A,26260.83,N/A,100.84,N/A,24132.28,N/A,137.94
d032423-DCFCA-R5,DCFCA-DMSO,Sc-b1b2,,D12,Experiment,None,,High_ROS,BL1-H,,20705,188,110.133,23.615,68.257,28021,N/A,28326,N/A,46673,N/A,21994.32,N/A,78.49,N/A,27643.08,N/A,97.59
d032423-DCFCA-R5,DCFCA-DMSO,Sc-b1b2,,E11,Experiment,None,,High_ROS,BL1-H,,24279,137,177.219,32.513,80.044,39264,N/A,40186,N/A,51516,N/A,25289.28,N/A,64.41,N/A,26375.45,N/A,65.63
d032423-DCFCA-R5,DCFCA-DMSO,Sc-b1b2,,E12,Experiment,None,,High_ROS,BL1-H,,25451,193,131.87,29.374,84.42,35257,N/A,34661,N/A,40243,N/A,21142.82,N/A,59.97,N/A,20445.05,N/A,58.99
d032423-DCFCA-R5,DCFCA-DMSO,Sc-b1b2,,H11,Experiment,None,,High_ROS,BL1-H,,3628,107,33.907,4.259,11.958,1359,N/A,1152,N/A,1012,N/A,1864.88,N/A,137.26,N/A,148.26,N/A,12.87
d032423-DCFCA-R5,DCFCA-DMSO,Sc-b1b2,,H12,Experiment,None,,High_ROS,BL1-H,,4116,163,25.252,4.312,13.576,1516,N/A,1170,N/A,1035,N/A,3038.16,N/A,200.44,N/A,171.98,N/A,14.7
d032323-DCFCA-R4,DCFCA-DMSO,Cg-b1b2,A4.fcs,A4,Experiment,None,,High_ROS,BL1-H,,6585,85,77.471,9.314,21.95,1353,N/A,1195,N/A,1048,N/A,4126.83,N/A,304.92,N/A,191.26,N/A,16
d032323-DCFCA-R4,DCFCA-DMSO,Cg-b1b2,B4.fcs,B4,Experiment,None,,High_ROS,BL1-H,,2992,83,36.048,4.553,9.973,1386,N/A,1144,N/A,1012,N/A,2625.41,N/A,189.49,N/A,148.26,N/A,12.96
d032323-DCFCA-R4,DCFCA-DMSO,Cg-b1b2,C4.fcs,C4,Experiment,None,,High_ROS,BL1-H,,7040,92,76.522,9.862,23.467,1353,N/A,1197,N/A,1035,N/A,2053.72,N/A,151.79,N/A,191.26,N/A,15.98
d032323-DCFCA-R4,DCFCA-DMSO,Cg-b1b2,D4.fcs,D4,Experiment,None,,High_ROS,BL1-H,,8664,97,89.32,13.613,28.88,1354,N/A,1229,N/A,1012,N/A,1037.79,N/A,76.66,N/A,223.87,N/A,18.22
d032323-DCFCA-R4,DCFCA-DMSO,Cg-b1b2,E4.fcs,E4,Experiment,None,,High_ROS,BL1-H,,8842,120,73.683,15.786,29.473,1427,N/A,1208,N/A,1013,N/A,3519.72,N/A,246.68,N/A,194.22,N/A,16.08
d032323-DCFCA-R4,DCFCA-DMSO,Cg-b1b2,F4.fcs,F4,Experiment,None,,High_ROS,BL1-H,,6072,136,44.647,10.717,20.24,1568,N/A,1190,N/A,1012,N/A,4842.58,N/A,308.77,N/A,188.29,N/A,15.82
d032323-DCFCA-R4,DCFCA-DMSO,Cg-b1b2,G4.fcs,G4,Experiment,None,,High_ROS,BL1-H,,14032,151,92.927,24.589,46.773,52224,N/A,37463,N/A,97395,N/A,51435.27,N/A,98.49,N/A,49907.28,N/A,133.22
d032323-DCFCA-R4,DCFCA-DMSO,Cg-b1b2,H4.fcs,H4,Experiment,None,,High_ROS,BL1-H,,2634,108,24.389,4.07,8.78,1356,N/A,1146,N/A,1047,N/A,2864.65,N/A,211.24,N/A,139.36,N/A,12.16
d032323-DCFCA-R4,DCFCA-DMSO,Cg-b1b2,A6.fcs,A6,Experiment,None,,High_ROS,BL1-H,,5548,84,66.048,8.34,18.493,1280,N/A,1174,N/A,1012,N/A,958.45,N/A,74.87,N/A,170.5,N/A,14.52
d032323-DCFCA-R4,DCFCA-DMSO,Cg-b1b2,B6.fcs,B6,Experiment,None,,High_ROS,BL1-H,,4191,86,48.733,6.605,13.97,1417,N/A,1165,N/A,1013,N/A,3263.4,N/A,230.3,N/A,163.09,N/A,14
d032323-DCFCA-R4,DCFCA-DMSO,Cg-b1b2,C6.fcs,C6,Experiment,None,,High_ROS,BL1-H,,9637,99,97.343,14.794,32.123,1406,N/A,1237,N/A,1012,N/A,1799.67,N/A,127.98,N/A,226.84,N/A,18.34
d032323-DCFCA-R4,DCFCA-DMSO,Cg-b1b2,D6.fcs,D6,Experiment,None,,High_ROS,BL1-H,,10820,120,90.167,16.491,36.067,1365,N/A,1240,N/A,1035,N/A,1342.51,N/A,98.38,N/A,228.32,N/A,18.41
d032323-DCFCA-R4,DCFCA-DMSO,Cg-b1b2,E6.fcs,E6,Experiment,None,,High_ROS,BL1-H,,8734,129,67.705,13.913,29.113,1429,N/A,1205,N/A,1012,N/A,3991.31,N/A,279.23,N/A,197.19,N/A,16.36
d032323-DCFCA-R4,DCFCA-DMSO,Cg-b1b2,F6.fcs,F6,Experiment,None,,High_ROS,BL1-H,,6718,139,48.331,11.416,22.393,1616,N/A,1208,N/A,1012,N/A,4055.08,N/A,250.97,N/A,205.34,N/A,17.01
d032323-DCFCA-R4,DCFCA-DMSO,Cg-b1b2,G6.fcs,G6,Experiment,None,,High_ROS,BL1-H,,13318,143,93.133,23.306,44.393,45101,N/A,29035,N/A,66179,N/A,47355.41,N/A,105,N/A,40666.23,N/A,140.06
d032323-DCFCA-R4,DCFCA-DMSO,Cg-b1b2,H6.fcs,H6,Experiment,None,,High_ROS,BL1-H,,2924,97,30.144,4.535,9.747,1326,N/A,1149,N/A,1036,N/A,1868.52,N/A,140.87,N/A,143.81,N/A,12.52
d032323-DCFCA-R4,DCFCA-DMSO,Sc-b1b2,A11.fcs,A11,Experiment,None,,High_ROS,BL1-H,,5792,218,26.569,6.253,19.307,1807,N/A,1205,N/A,1012,N/A,2468.61,N/A,136.59,N/A,215.72,N/A,17.91
d032323-DCFCA-R4,DCFCA-DMSO,Sc-b1b2,A12.fcs,A12,Experiment,None,,High_ROS,BL1-H,,5120,248,20.645,5.416,17.067,1979,N/A,1209,N/A,1013,N/A,2912.46,N/A,147.17,N/A,229.8,N/A,19.01
d032323-DCFCA-R4,DCFCA-DMSO,Sc-b1b2,B11.fcs,B11,Experiment,None,,High_ROS,BL1-H,,4350,212,20.519,4.266,14.5,1458,N/A,1152,N/A,1013,N/A,3475.8,N/A,238.38,N/A,149,N/A,12.94
d032323-DCFCA-R4,DCFCA-DMSO,Sc-b1b2,B12.fcs,B12,Experiment,None,,High_ROS,BL1-H,,4811,300,16.037,4.568,16.414,1899,N/A,1150,N/A,1013,N/A,6920.44,N/A,364.42,N/A,145.29,N/A,12.63
d032323-DCFCA-R4,DCFCA-DMSO,Sc-b1b2,C11.fcs,C11,Experiment,None,,High_ROS,BL1-H,,11972,254,47.134,14.161,39.907,3647,N/A,1279,N/A,1013,N/A,8637.13,N/A,236.8,N/A,286.88,N/A,22.44
d032323-DCFCA-R4,DCFCA-DMSO,Sc-b1b2,C12.fcs,C12,Experiment,None,,High_ROS,BL1-H,,9738,300,32.46,11.795,35.091,2410,N/A,1235,N/A,1012,N/A,6749.56,N/A,280.09,N/A,231.29,N/A,18.73
d032323-DCFCA-R4,DCFCA-DMSO,Sc-b1b2,D11.fcs,D11,Experiment,None,,High_ROS,BL1-H,,13722,272,50.449,15.731,45.74,9018,N/A,1466,N/A,1013,N/A,15553.07,N/A,172.47,N/A,591.56,N/A,40.35
d032323-DCFCA-R4,DCFCA-DMSO,Sc-b1b2,D12.fcs,D12,Experiment,None,,High_ROS,BL1-H,,16706,300,55.687,19.619,55.687,19374,N/A,11501,N/A,40275,N/A,20241.45,N/A,104.48,N/A,15383.46,N/A,133.76
d032323-DCFCA-R4,DCFCA-DMSO,Sc-b1b2,E11.fcs,E11,Experiment,None,,High_ROS,BL1-H,,23147,300,77.157,25.132,78.239,36559,N/A,36945,N/A,42245,N/A,24113.66,N/A,65.96,N/A,24962.54,N/A,67.57
d032323-DCFCA-R4,DCFCA-DMSO,Sc-b1b2,E12.fcs,E12,Experiment,None,,High_ROS,BL1-H,,24263,300,80.877,29.151,81.559,37798,N/A,38657,N/A,49033,N/A,22413.99,N/A,59.3,N/A,22130.77,N/A,57.25
d032323-DCFCA-R4,DCFCA-DMSO,Sc-b1b2,H11.fcs,H11,Experiment,None,,High_ROS,BL1-H,,3499,226,15.482,3.817,11.663,1997,N/A,1186,N/A,1013,N/A,4693.57,N/A,234.97,N/A,203.12,N/A,17.13
d032323-DCFCA-R4,DCFCA-DMSO,Sc-b1b2,H12.fcs,H12,Experiment,None,,High_ROS,BL1-H,,3388,240,14.117,3.691,11.293,2315,N/A,1174,N/A,1012,N/A,5579.98,N/A,241.01,N/A,183.84,N/A,15.66
